address,"lng,lat"
安徽省界首市田营工业区,"115.428712,33.195567"
上海上海市,"121.473667,31.230525"
上海嘉定区,"121.265276,31.375566"
上海崇明区,"121.397662,31.623863"
上海普陀区,"121.39547,31.249618"
上海松江区,"121.227676,31.03257"
上海浦东,"121.544346,31.221461"
上海浦东新区,"121.544346,31.221461"
上海金山区,"121.341774,30.742769"
上海青浦区,"121.124249,31.15098"
云南丘北县,"104.166713,24.05064"
云南临沧市,"100.088837,23.884175"
云南五华区,"102.707262,25.043635"
云南会泽县,"103.297155,26.417116"
云南保山市,"99.161489,25.112018"
云南元谋县,"101.87434,25.704499"
云南大理市,"100.301614,25.678466"
云南大理白族自治州,"100.267608,25.606548"
云南官渡区,"102.748888,24.950285"
云南宣威市,"104.104255,26.218956"
云南宾川县,"100.590274,25.830491"
云南嵩明县,"103.043384,25.327273"
云南建水县,"102.826178,23.635824"
云南开远市,"103.266908,23.714518"
云南弥勒县,"103.414817,24.411774"
云南德宏傣族景颇族自治州,"98.585621,24.433146"
云南德宏自治州,"98.585621,24.433146"
云南思茅区,"100.977069,22.786769"
云南文山县,"104.233237,23.38683"
云南昆明市,"102.833669,24.88149"
云南昭通市,"103.717078,27.338185"
云南景洪市,"100.799595,22.011792"
云南曲靖市,"103.796288,25.490866"
云南楚雄市,"101.528304,25.045678"
云南楚雄彝族自治州,"101.528304,25.045678"
云南玉溪市,"102.526673,24.346786"
云南瑞丽市,"97.855423,24.018377"
云南石屏县,"102.496138,23.705707"
云南砚山县,"104.336905,23.605075"
云南红河县,"102.420566,23.368946"
云南耿马傣族佤族自治县,"99.397126,23.538092"
云南腾冲县,"98.490276,25.020283"
云南蒙自县,"103.364936,23.396111"
云南通海县,"102.725538,24.11114"
云南镇雄县,"104.873486,27.441527"
云南陆良县,"103.66671,25.0293"
云南马关县,"104.394524,23.013108"
内蒙古东河区,"110.044008,40.57626"
内蒙古临河区,"107.363536,40.750969"
内蒙古乌兰察布市,"113.132227,40.994526"
内蒙古乌兰浩特市,"122.093309,46.072233"
内蒙古乌拉特前旗,"108.652114,40.737018"
内蒙古乌海市,"106.79415,39.655048"
内蒙古五原县,"108.267466,41.088446"
内蒙古伊金霍洛旗,"109.747435,39.565064"
内蒙古包头市,"109.95315,40.621327"
内蒙古呼伦贝尔市,"119.77845,49.166536"
内蒙古呼和浩特市,"111.748814,40.842127"
内蒙古商都县,"113.577778,41.562176"
内蒙古宁城县,"119.320056,41.600193"
内蒙古巴林左旗,"119.362832,43.961547"
内蒙古扎兰屯市,"122.708475,48.028396"
内蒙古扎鲁特旗,"120.917953,44.567093"
内蒙古托克托县,"111.193879,40.277703"
内蒙古敖汉旗,"119.921413,42.290731"
内蒙古林西县,"118.05545,43.61812"
内蒙古牙克石市,"120.711639,49.285947"
内蒙古玉泉区,"111.674157,40.753054"
内蒙古科尔沁区,"122.25545,43.623133"
内蒙古赤峰市,"118.887613,42.256876"
内蒙古达拉特旗,"110.034133,40.412766"
内蒙古通辽市,"122.243309,43.653566"
内蒙古锡林浩特市,"116.085814,43.933417"
内蒙古青山区,"109.902157,40.644081"
北京丰台区,"116.286726,39.858538"
北京大兴区,"116.341483,39.726917"
北京延庆县,"115.974609,40.457033"
北京怀柔区,"116.631974,40.317003"
北京房山区,"116.143426,39.748889"
北京朝阳区,"116.443136,39.921444"
北京通州区,"116.72923,39.916403"
北京顺义区,"116.661474,40.149891"
吉林乾安县,"124.040651,45.003539"
吉林农安县,"125.184921,44.432829"
吉林吉林市,"126.549719,43.838132"
吉林四平市,"124.350599,43.166764"
吉林大安县,"125.325802,43.896942"
吉林延吉市,"129.507655,42.891034"
吉林德惠市,"125.728552,44.521788"
吉林松原市,"124.825321,45.14191"
吉林梅河口市,"125.711129,42.539183"
吉林榆树市,"126.533126,44.840263"
吉林白城市,"122.838102,45.620131"
吉林白山市,"126.414274,41.944132"
吉林辽源市,"125.144676,42.887961"
吉林通榆县,"123.088093,44.812912"
吉林长岭县,"123.967244,44.276293"
吉林长春市,"125.323643,43.816996"
四川中江,"104.678601,31.03327"
四川什邡市,"104.167345,31.12655"
四川仁寿县,"104.133931,29.995638"
四川仪陇县,"106.303082,31.271693"
四川会理县,"102.244774,26.655047"
四川内江市,"105.057992,29.58021"
四川南充市,"106.110565,30.837235"
四川南部县,"106.036349,31.348255"
四川双流县,"103.92342,30.574884"
四川叙永县,"105.444777,28.155631"
四川大竹县,"107.204702,30.736222"
四川夹江县,"103.571313,29.738143"
四川威远县,"104.669032,29.527456"
四川宜宾市,"104.642826,28.752354"
四川富顺县,"104.975193,29.181779"
四川岳池县,"106.440056,30.538656"
四川峨眉,"104.409766,31.441636"
四川峨眉山市,"103.484557,29.601189"
四川巴中市,"106.747548,31.867853"
四川平昌县,"107.103613,31.560436"
四川广元市,"105.844004,32.435774"
四川广安市,"106.632647,30.456354"
四川广汉,"104.282204,30.977264"
四川开江县,"107.868609,31.082945"
四川德阳市,"104.397795,31.127449"
四川成都市,"104.066301,30.572961"
四川攀枝花市,"101.71846,26.582417"
四川武侯区,"104.043246,30.641849"
四川武胜县,"106.295945,30.349493"
四川江油市,"104.74564,31.778572"
四川泸县,"105.381879,29.1516"
四川泸州市,"105.441866,28.87098"
四川渠县,"106.973114,30.836504"
四川盐源县,"101.509038,27.422593"
四川眉山市,"103.848417,30.077113"
四川筠连县,"104.511159,28.167981"
四川简阳市,"104.547644,30.410937"
四川绵竹市,"104.220679,31.339251"
四川绵阳市,"104.679127,31.467673"
四川翠屏区,"104.619853,28.766537"
四川苍溪县,"105.934756,31.731709"
四川荣县,"104.417438,29.445461"
四川营山县,"106.565524,31.077057"
四川西昌市,"102.264166,27.89441"
四川资中县,"104.851874,29.763419"
四川资阳市,"104.627265,30.129236"
四川达州市,"107.46778,31.209278"
四川遂宁市,"105.592602,30.53268"
四川邻水县,"106.930242,30.334911"
四川金牛区,"104.052236,30.691359"
四川隆昌县,"105.287507,29.339408"
四川雅安市,"103.041538,30.009998"
四川龙泉驿区,"104.27536,30.556808"
天津东丽区,"117.313567,39.086789"
天津北辰区,"117.135614,39.224638"
天津塘沽区,"117.69641,39.017809"
天津天津市,"117.201509,39.085318"
天津天津市区,"117.201509,39.085318"
天津滨海区,"117.597183,39.024984"
天津滨海新区,"117.69641,39.017809"
天津静海区,"116.975474,38.947772"
宁夏中卫市,"105.19677,37.500185"
宁夏中宁县,"105.684729,37.492092"
宁夏利通区,"106.212479,37.984586"
宁夏同心,"105.895412,36.954635"
宁夏同心县,"105.895412,36.954635"
宁夏固原市,"106.24267,36.01628"
宁夏海原县,"105.643449,36.565189"
宁夏石嘴山市,"106.382792,38.984632"
宁夏银川市,"106.230977,38.487783"
安徽临泉县,"115.26312,33.038884"
安徽五河县,"117.881312,33.126532"
安徽亳州市,"115.778588,33.846285"
安徽全椒县,"118.274149,32.08593"
安徽六安市,"116.519729,31.735892"
安徽凤台县,"116.710947,32.710536"
安徽利辛县,"116.206396,33.158424"
安徽包河区,"117.310133,31.793801"
安徽南陵县,"118.334083,30.914621"
安徽含山县,"118.101448,31.735559"
安徽和县,"118.353668,31.74248"
安徽固镇县,"117.316585,33.318371"
安徽天长市,"119.004838,32.667409"
安徽太和县,"115.621941,33.160327"
安徽太湖县,"116.30881,30.454198"
安徽定远县,"117.698528,32.530741"
安徽宣城市,"118.759127,30.939278"
安徽宿州市,"116.96419,33.647726"
安徽寿县,"116.798203,32.545027"
安徽岳西县,"116.359732,30.849716"
安徽巢湖市,"117.890236,31.624464"
安徽徽州区,"118.336799,29.827291"
安徽怀宁县,"116.829612,30.73484"
安徽无为县,"117.902265,31.304462"
安徽明光市,"118.018197,32.78193"
安徽望江县,"116.70641,30.128404"
安徽枞阳县,"117.250191,30.705466"
安徽桐城市,"116.936588,31.035476"
安徽歙县,"118.415258,29.861354"
安徽泗县,"117.910277,33.483686"
安徽泾县,"118.419552,30.688793"
安徽涡阳县,"116.21665,33.494134"
安徽滁州市,"118.333439,32.255904"
安徽潜山县,"116.581224,30.631022"
安徽濉溪县,"116.76616,33.915612"
安徽灵璧县,"117.549321,33.554464"
安徽界首市,"115.374688,33.257799"
安徽相山区,"116.795233,33.959927"
安徽砀山县,"116.366257,34.442139"
安徽祁门县,"117.717452,29.854179"
安徽绩溪县,"118.578519,30.067533"
安徽肥东县,"117.4779,31.878601"
安徽肥西县,"117.158416,31.707006"
安徽芜湖县,"118.576124,31.134809"
安徽芜湖市,"118.433065,31.352614"
安徽萧县,"116.947289,34.18884"
安徽蜀山区,"117.26053,31.851211"
安徽郎溪县,"119.184326,31.142995"
安徽铜陵市,"117.811298,30.945214"
安徽阜南县,"115.596003,32.659681"
安徽阜阳市,"115.814252,32.891032"
安徽颍上县,"116.256772,32.653211"
安徽马鞍山市,"118.50685,31.668765"
安徽黄山市,"118.337643,29.714886"
山东东明县,"115.107402,35.275664"
山东东阿县,"116.247655,36.335198"
山东临朐县,"118.543274,36.51246"
山东临清市,"115.704982,36.83828"
山东临邑县,"116.866568,37.190139"
山东任城区,"116.605763,35.444226"
山东兖州市,"116.78365,35.551938"
山东兰陵,"118.070912,34.858235"
山东冠县,"115.441684,36.484011"
山东利津县,"118.255084,37.490919"
山东单县,"116.106396,34.779282"
山东博兴县,"118.110715,37.154529"
山东即墨区,"120.447691,36.390217"
山东即墨市,"120.447691,36.390217"
山东周村区,"117.869686,36.80309"
山东商河县,"117.157165,37.309694"
山东嘉祥县,"116.342308,35.40794"
山东夏津县,"116.001796,36.948013"
山东天桥区,"116.987106,36.678665"
山东威海市,"122.120519,37.513315"
山东宁阳县,"116.805578,35.758919"
山东安丘市,"119.21892,36.479642"
山东巨野县,"116.062585,35.388543"
山东平原县,"116.434016,37.165453"
山东平度市,"119.970192,36.753895"
山东平邑县,"117.615201,35.516849"
山东平阴县,"116.455865,36.289813"
山东广饶县,"118.419437,37.053915"
山东张店区,"118.017877,36.807011"
山东微山县,"117.129188,34.806657"
山东德州市,"116.359244,37.436492"
山东成武县,"115.889775,34.95278"
山东招远市,"120.433904,37.354517"
山东文登区,"122.08832,37.196032"
山东无棣县,"117.625846,37.770579"
山东日照市,"119.52685,35.416912"
山东昌乐县,"118.841035,36.688035"
山东昌邑市,"119.403185,36.843256"
山东曲阜市,"116.986212,35.581933"
山东曹县,"115.556393,34.85875"
山东李沧区,"120.432652,36.145987"
山东枣庄市,"117.323759,34.810858"
山东栖霞市,"120.849595,37.335993"
山东梁山县,"116.131779,35.765957"
山东武城县,"116.069312,37.213398"
山东汶上县,"116.497277,35.711891"
山东沂南县,"118.465259,35.550078"
山东沂水县,"118.628142,35.790919"
山东河东区,"118.403073,35.088936"
山东河口区,"118.525519,37.886217"
山东沾化县,"118.098962,37.698952"
山东泰安市,"117.086963,36.201784"
山东济南市,"117.120128,36.652069"
山东济宁市,"116.587116,35.415117"
山东海阳市,"121.173506,36.688316"
山东淄博市,"118.054994,36.813787"
山东淄川,"117.966978,36.644211"
山东滕州市,"117.165881,35.11412"
山东滨州市,"117.970731,37.382687"
山东潍坊市,"119.161721,36.707668"
山东牟平区,"121.601015,37.387454"
山东禹城市,"116.638558,36.934198"
山东章丘市,"117.526228,36.681258"
山东肥城市,"116.769098,36.181975"
山东胶州市,"120.033382,36.26468"
山东芝罘区,"121.400303,37.541312"
山东苍山县,"118.070912,34.858235"
山东茌平县,"116.254865,36.580814"
山东荣成市,"122.487036,37.165698"
山东莘县,"115.669843,36.233711"
山东莱州市,"119.942057,37.178187"
山东莱芜市,"117.120128,36.652069"
山东菏泽市,"115.479646,35.234309"
山东蒙阴县,"117.953367,35.720128"
山东蓬莱市,"120.829141,37.795697"
山东薛城区,"117.263524,34.795339"
山东诸城市,"119.410051,35.996404"
山东费县,"117.9776,35.265851"
山东邹平县,"117.74313,36.863393"
山东郓城县,"115.938939,35.575276"
山东郯城县,"118.36727,34.614077"
山东长清区,"116.752101,36.554251"
山东阳谷县,"115.791822,36.114392"
山东陵城区,"116.576148,37.336444"
山东青州市,"118.479637,36.685178"
山东高密市,"119.755271,36.382973"
山东高青县,"117.826743,37.171042"
山东鱼台县,"116.650526,35.012706"
山东黄岛开发区,"120.175472,35.962885"
山东齐河县,"116.762767,36.784164"
山东龙口市,"120.47614,37.645281"
山西万荣县,"110.837957,35.415805"
山西临汾市,"111.51931,36.088581"
山西临猗县,"110.774553,35.144406"
山西五寨县,"111.846808,38.91111"
山西交城县,"112.155857,37.55169"
山西介休市,"111.916451,37.027538"
山西侯马市,"111.372002,35.619105"
山西保德县,"111.085944,39.022616"
山西原平市,"112.711025,38.731412"
山西吕梁市,"111.14454,37.518996"
山西夏县,"111.219946,35.140733"
山西大同市,"113.366749,40.09711"
山西太原市,"112.549656,37.870451"
山西太谷县,"112.551297,37.421392"
山西孝义市,"111.778935,37.146051"
山西定襄县,"112.957234,38.471725"
山西小店区,"112.565524,37.736865"
山西屯留县,"112.892301,36.3162"
山西平遥县,"112.175825,37.189614"
山西广灵县,"114.282703,39.760404"
山西应县,"113.190952,39.554471"
山西忻州市,"112.734149,38.415958"
山西晋中市,"112.752633,37.688006"
山西晋城市,"112.852022,35.491315"
山西朔州市,"112.432906,39.331734"
山西武乡县,"112.86396,36.837865"
山西永济市,"110.447771,34.866499"
山西盐湖区,"110.998135,35.015549"
山西祁县,"112.335226,37.358425"
山西繁峙县,"113.265464,39.188835"
山西芮城县,"110.694418,34.694173"
山西襄垣县,"113.051298,36.535629"
山西襄汾县,"111.441725,35.876293"
山西长治市,"113.117394,36.195142"
山西闻喜县,"111.224485,35.356664"
山西阳城县,"112.414798,35.486275"
山西陵川县,"113.280755,35.775239"
山西高平市,"112.923798,35.798775"
山西黎城县,"113.387025,36.502258"
广东三乡镇,"113.304179,23.087056"
广东东莞市,"113.751884,23.021016"
广东中山,"113.392517,22.517024"
广东中山市,"113.392517,22.517024"
广东云浮市,"112.044524,22.915163"
广东佛山市,"113.121586,23.021351"
广东信宜,"110.946866,22.354887"
广东信宜市,"110.946866,22.354887"
广东兴宁市,"115.731133,24.137296"
广东化州市,"110.639581,21.664483"
广东南沙区,"113.525178,22.801435"
广东博罗县,"114.289602,23.172587"
广东占陇镇,"116.244105,23.286238"
广东吴川市,"110.779361,21.440763"
广东坡头区,"110.455192,21.244405"
广东增城区,"113.810734,23.261452"
广东增城市,"113.810734,23.261452"
广东宝安区,"113.883831,22.554986"
广东廉江市,"110.286109,21.609988"
广东开平市,"112.698113,22.377378"
广东徐闻县,"110.17595,20.325969"
广东怀集县,"112.166908,23.920806"
广东惠东县,"114.720136,22.984831"
广东惠城,"114.382526,23.084657"
广东惠城区,"114.382526,23.084657"
广东惠州市,"114.415587,23.112368"
广东惠来县,"116.295038,23.033889"
广东惠阳区,"114.456107,22.789431"
广东揭西县,"115.841742,23.431314"
广东揭阳市,"116.372732,23.550968"
广东新会区,"113.034454,22.458519"
广东普宁,"116.165646,23.297742"
广东普宁市,"116.165646,23.297742"
广东梅州市,"116.122046,24.288832"
广东汕头市,"116.681956,23.354152"
广东汕尾市,"115.375557,22.787204"
广东江北区,"113.266887,23.133306"
广东江门市,"113.081548,22.578948"
广东河源市,"114.700215,23.744276"
广东海丰县,"115.322974,22.967212"
广东深圳市,"114.057939,22.543527"
广东深圳沙井,"113.829582,22.722776"
广东清城区,"113.062612,23.697889"
广东清远市,"113.056098,23.682064"
广东湘桥区,"116.628343,23.675104"
广东湛江市,"110.357538,21.270108"
广东潮南区,"116.439105,23.239196"
广东潮州市,"116.621901,23.657662"
广东潮阳区,"116.601677,23.264923"
广东珠海市,"113.576892,22.271644"
广东电白县,"111.013368,21.513946"
广东番禺区,"113.383917,22.93756"
广东白云区,"113.2732,23.157159"
广东禅城区,"113.122532,23.009475"
广东罗定市,"111.569788,22.768345"
广东翁源县,"114.129986,24.350581"
广东花都区,"113.220125,23.404326"
广东英德市,"113.401827,24.20716"
广东茂名市,"110.925533,21.662728"
广东赤坎区,"110.365592,21.265948"
广东连州市,"112.377255,24.780873"
广东遂溪县,"110.25043,21.378371"
广东郁南县,"111.535387,23.234561"
广东金平区,"116.70341,23.365716"
广东阳东县,"112.005586,21.869081"
广东阳春市,"111.791587,22.17041"
广东阳江市,"111.98343,21.856853"
广东阳西县,"111.617696,21.753935"
广东陆丰市,"115.652142,22.91874"
广东陆河县,"115.659978,23.301557"
广东霞山区,"110.397721,21.192463"
广东韶关市,"113.597324,24.810977"
广东顺德区,"113.293197,22.805413"
广东饶平县,"117.0045,23.663294"
广东高州市,"110.853169,21.918017"
广东鹤山市,"112.964203,22.765912"
广东黄埔区,"113.480613,23.181355"
广东龙岗区,"114.246884,22.720889"
广西上思县,"107.983627,22.153671"
广西上林县,"108.605089,23.432451"
广西东兴市,"107.971828,21.547821"
广西全州县,"111.087089,25.94939"
广西兴业县,"109.875223,22.736395"
广西兴宁区,"108.368071,22.85354"
广西兴安县,"110.672013,25.612576"
广西北流市,"110.353765,22.708415"
广西北海市,"109.120248,21.481305"
广西南丹县,"107.540578,24.975066"
广西南宁市,"108.366407,22.8177"
广西博白县,"109.975856,22.273539"
广西合浦县,"109.207236,21.66132"
广西大化瑶族自治县,"107.998151,23.735699"
广西天等县,"107.143539,23.080818"
广西宜州市,"108.611303,24.500981"
广西容县,"110.558093,22.85844"
广西宾阳县,"108.810336,23.217771"
广西岑溪市,"110.994955,22.918327"
广西崇左市,"107.364973,22.377139"
广西巴马瑶族自治县,"107.258671,24.142216"
广西平乐县,"110.632867,24.622814"
广西平南县,"110.392489,23.540413"
广西平果市,"107.589768,23.329815"
广西德保县,"106.615087,23.324084"
广西忻城县,"108.665641,24.066176"
广西扶绥县,"107.90389,22.635542"
广西来宾市,"109.221243,23.750105"
广西柳南区,"109.385504,24.336229"
广西柳州市,"109.428071,24.326442"
广西柳江县,"109.326365,24.255644"
广西桂平市,"110.079315,23.394208"
广西桂林市,"110.179752,25.235615"
广西梧州市,"111.279022,23.476733"
广西横县,"109.262448,22.681257"
广西武宣县,"109.663153,23.594444"
广西武鸣区,"108.291766,23.157549"
广西河池市,"108.085244,24.692906"
广西浦北县,"109.556232,22.271902"
广西港北区,"109.572227,23.11136"
广西灌阳县,"111.160764,25.489419"
广西灵山县,"109.290698,22.416671"
广西灵川县,"110.319837,25.3948"
广西玉林市,"110.18097,22.654001"
广西田东县,"107.125609,23.596706"
广西百色市,"106.61869,23.90307"
广西荔蒲县,"108.327537,22.816659"
广西藤县,"110.914606,23.375538"
广西覃塘区,"109.452668,23.127405"
广西象州县,"109.704852,23.973832"
广西贺州市,"111.567216,24.404182"
广西金城江区,"108.037384,24.689475"
广西钦南区,"108.657427,21.940438"
广西钦州市,"108.654355,21.980894"
广西防城区,"108.353978,21.768826"
广西防城港市,"108.35467,21.686732"
广西阳朔县,"110.496305,24.778785"
广西陆川县,"110.26412,22.321563"
广西隆安县,"107.695721,23.166356"
广西靖西县,"106.417666,23.134375"
广西马山县,"108.177764,23.708448"
广西鹿寨县,"109.750527,24.472897"
广西龙州县,"106.854001,22.343591"
新疆且末县,"85.529619,38.145749"
新疆乌鲁木齐市,"87.616824,43.825377"
新疆克拉玛依市,"84.889239,45.577712"
新疆博乐市,"82.051433,44.853882"
新疆叶城县,"77.413669,37.882994"
新疆吐鲁番地区,"89.190374,42.950736"
新疆吐鲁番市,"89.190374,42.950736"
新疆和田地区,"79.921646,37.114406"
新疆和硕县,"86.877688,42.28361"
新疆和静县,"86.384065,42.323625"
新疆哈密市,"93.515053,42.819346"
新疆喀什地区,"75.989746,39.470492"
新疆喀什市,"75.993936,39.46823"
新疆图木舒克市,"79.074965,39.867776"
新疆塔城地区,"82.980316,46.745364"
新疆塔城市,"82.986923,46.751669"
新疆奇台县,"89.593879,44.022001"
新疆奎屯市,"84.903216,44.426452"
新疆巴楚县,"78.54799,39.79923"
新疆库尔勒市,"86.174633,41.725891"
新疆库车县,"82.998544,41.719073"
新疆拜城县,"81.851289,41.795289"
新疆新源县,"83.233002,43.434803"
新疆沙雅县,"82.781774,41.221413"
新疆焉耆回族自治县,"86.57434,42.059509"
新疆特克斯,"81.835732,43.218435"
新疆特克斯县,"81.835732,43.218435"
新疆石河子市,"86.080397,44.305368"
新疆精河县,"82.890709,44.599202"
新疆若羌县,"88.167226,39.022626"
新疆轮台县,"84.251508,41.778043"
新疆鄯善县,"90.242843,42.900575"
新疆阿克苏地区,"80.265068,41.170712"
新疆阿克苏市,"80.263387,41.16755"
新疆阿勒泰地区,"88.141253,47.844924"
新疆霍城县,"80.878845,44.056329"
江苏东台市,"120.320308,32.867845"
江苏东海县,"118.752869,34.542194"
江苏丰县,"116.658111,34.697232"
江苏仪征市,"119.184468,32.272833"
江苏六合区,"118.822241,32.323235"
江苏兴化市,"119.85255,32.911952"
江苏南通市,"120.894522,31.981269"
江苏句容市,"119.168693,31.945732"
江苏启东市,"121.65523,31.792831"
江苏吴中区,"120.632094,31.263604"
江苏吴江区,"120.645728,31.138525"
江苏响水县,"119.578332,34.199172"
江苏太仓市,"121.130344,31.458043"
江苏如东县,"121.18495,32.331584"
江苏如皋市,"120.574028,32.371493"
江苏宝应县,"119.358389,33.241125"
江苏宿城,"118.242048,33.963891"
江苏宿豫区,"118.330423,33.94813"
江苏射阳县,"120.326338,33.766277"
江苏常州市,"119.974092,31.811313"
江苏常熟市,"120.752512,31.656016"
江苏张家港市,"120.555979,31.876739"
江苏徐州市,"117.283752,34.204224"
江苏扬中市,"119.796816,32.236476"
江苏扬州市,"119.412834,32.394404"
江苏新沂市,"118.354747,34.369585"
江苏无锡市,"120.311889,31.491064"
江苏楚州区,"119.141183,33.50296"
江苏江宁区,"118.83951,31.953195"
江苏江都区,"119.569684,32.43571"
江苏沭阳县,"118.804321,34.110642"
江苏泗洪县,"118.223941,33.476575"
江苏泗阳县,"118.703636,33.723576"
江苏泰州市,"119.922883,32.456692"
江苏洪泽县,"118.873132,33.294095"
江苏海安县,"120.46779,32.532853"
江苏海州区,"119.163492,34.572506"
江苏海门市,"121.182016,31.869418"
江苏涟水县,"119.260589,33.781648"
江苏淮安市,"119.113166,33.551495"
江苏淮阴区,"119.034895,33.632588"
江苏溧水县,"119.028414,31.651108"
江苏滨海县,"119.820713,33.990372"
江苏灌云县,"119.239426,34.284074"
江苏睢宁县,"117.941364,33.913727"
江苏苏州相城区,"120.642391,31.369189"
江苏贾汪区,"117.465137,34.436492"
江苏连云港市,"119.221487,34.596639"
江苏通州区,"121.073742,32.065972"
江苏邳州市,"118.012511,34.339208"
江苏金湖县,"119.020432,33.024663"
江苏镇江市,"119.424441,32.188141"
江苏阜宁县,"119.802271,33.758857"
江西万安县,"114.759746,26.456821"
江西万年县,"117.058445,28.694582"
江西万载县,"114.445477,28.106201"
江西上犹县,"114.55177,25.784754"
江西上饶市,"117.943064,28.45513"
江西上高县,"114.948045,28.238591"
江西东乡区,"116.603159,28.249059"
江西丰城市,"115.771131,28.160053"
江西乐平市,"117.151499,28.978521"
江西九江市,"115.95356,29.66116"
江西于都县,"115.415145,25.952564"
江西会昌县,"115.809271,25.58734"
江西余干县,"116.695787,28.70283"
江西余江县,"116.854576,28.199657"
江西信丰县,"114.922485,25.38676"
江西修水县,"114.546536,29.026166"
江西全南县,"114.530148,24.742353"
江西兴国县,"115.363475,26.338129"
江西分宜县,"114.69264,27.814723"
江西南丰县,"116.525898,27.21845"
江西南康区,"114.765044,25.661369"
江西南昌县,"115.93349,28.557921"
江西南昌市,"115.857972,28.682976"
江西吉安市,"114.96681,27.091243"
江西吉水县,"115.135963,27.229697"
江西大余县,"114.362306,25.401968"
江西奉新县,"115.400624,28.688254"
江西婺源县,"117.861532,29.248491"
江西宁都县,"116.009171,26.470865"
江西安义县,"115.549158,28.845585"
江西安福县,"114.619818,27.393286"
江西安远县,"115.393992,25.136855"
江西定南县,"115.027908,24.783372"
江西宜丰县,"114.803036,28.394466"
江西宜春市,"114.416826,27.816245"
江西崇仁县,"116.076363,27.754416"
江西广丰区,"118.189729,28.463697"
江西广昌县,"116.336556,26.843974"
江西彭泽县,"116.563858,29.877404"
江西德兴市,"117.594549,28.930557"
江西新余市,"114.916665,27.818553"
江西新干县,"115.386853,27.740368"
江西景德镇市,"117.184892,29.2744"
江西樟树市,"115.546174,28.054632"
江西武宁县,"115.092649,29.246785"
江西永丰县,"115.421599,27.317301"
江西永新县,"114.242425,26.945157"
江西泰和县,"114.922987,26.801687"
江西湖口县,"116.252206,29.731194"
江西玉山县,"118.244736,28.681936"
江西瑞昌市,"115.681221,29.676026"
江西瑞金市,"116.027114,25.88623"
江西萍乡市,"113.887147,27.658721"
江西贵溪市,"117.245178,28.292397"
江西赣县,"115.021196,25.854496"
江西赣县区,"115.021196,25.854496"
江西赣州市,"114.933494,25.831139"
江西进贤县,"116.242468,28.377627"
江西都昌县,"116.203999,29.273803"
江西鄱阳县,"116.703731,29.005675"
江西金溪县,"116.755018,27.91973"
江西铅山县,"117.734742,28.298415"
江西铜鼓县,"114.354623,28.513291"
江西高安市,"115.366863,28.448054"
江西黎川县,"116.907446,27.282729"
江西龙南县,"114.804474,24.901216"
河北三河市,"117.078269,39.982933"
河北东光县,"116.537138,37.888844"
河北丰润区,"118.162426,39.832919"
河北临西县,"115.501258,36.871312"
河北乐亭县,"118.91245,39.425748"
河北任丘市,"116.084412,38.685325"
河北保定市,"115.464523,38.874476"
河北元氏县,"114.525508,37.767332"
河北冀州区,"115.579392,37.550922"
河北内丘县,"114.512226,37.287612"
河北南宫市,"115.40866,37.358907"
河北卢龙,"118.891931,39.892564"
河北卢龙县,"118.891931,39.892564"
河北固安县,"116.298696,39.438797"
河北大名县,"115.147985,36.286406"
河北孟村回族自治县,"117.104514,38.053438"
河北宁晋县,"114.940006,37.624524"
河北安国市,"115.327088,38.418985"
河北定兴县,"115.808183,39.263219"
河北定州市,"114.990321,38.516746"
河北宣化区,"115.099515,40.609444"
河北峰峰矿区,"114.212571,36.419298"
河北巨鹿县,"115.037884,37.221293"
河北平乡县,"115.03008,37.063771"
河北平山县,"114.186007,38.260288"
河北平泉市,"118.702032,41.018482"
河北广宗县,"115.142766,37.074795"
河北广平,"114.948638,36.48382"
河北广平县,"114.948638,36.48382"
河北康保县,"114.60018,41.853016"
河北张家口市,"114.885895,40.768931"
河北徐水区,"115.655772,39.018781"
河北成安县,"114.670094,36.445331"
河北承德市,"117.962749,40.952942"
河北抚宁县,"119.244847,39.876253"
河北故城县,"115.965877,37.347873"
河北文安县,"116.457628,38.873185"
河北新乐市,"114.683745,38.343952"
河北新河县,"115.251005,37.520891"
河北昌黎县,"119.199846,39.699677"
河北易县,"115.497487,39.350219"
河北晋州市,"115.044141,38.033937"
河北景县,"116.270558,37.692831"
河北曲周县,"114.957549,36.766347"
河北曲阳县,"114.740476,38.614409"
河北望都县,"115.15542,38.696221"
河北枣强县,"115.724365,37.514217"
河北柏乡县,"114.693447,37.48288"
河北正定县,"114.57043,38.14699"
河北武安市,"114.203685,36.69759"
河北武强县,"115.982119,38.041447"
河北武邑县,"115.887498,37.802036"
河北永年区,"114.536626,36.74188"
河北永清县,"116.50608,39.330983"
河北沧州市,"116.838715,38.304676"
河北河间市,"116.099362,38.446656"
河北泊头市,"116.578322,38.084262"
河北海兴县,"117.497545,38.143308"
河北海港区,"119.564962,39.94756"
河北涉县,"113.692157,36.586073"
河北涞水县,"115.713651,39.394305"
河北涞源县,"114.694416,39.360622"
河北涿州市,"115.97444,39.485684"
河北深州市,"115.559576,38.001535"
河北深泽县,"115.20089,38.184572"
河北清河县,"115.665081,37.0451"
河北清苑区,"115.48988,38.76527"
河北清苑县,"115.48988,38.76527"
河北满城区,"115.322246,38.949732"
河北滦南县,"118.68363,39.520272"
河北滦平县,"117.332652,40.941644"
河北灵寿县,"114.383013,38.307908"
河北献县,"116.122767,38.189924"
河北玉田县,"117.738196,39.901827"
河北盐山县,"117.230681,38.058074"
河北石家庄市,"114.514976,38.042007"
河北磁县,"114.373965,36.37507"
河北肃宁县,"115.829619,38.423044"
河北肥乡区,"114.800199,36.548545"
河北藁城区,"114.846562,38.022177"
河北蠡县,"115.583701,38.488064"
河北衡水市,"115.668987,37.739367"
河北辛集市,"115.217626,37.943239"
河北迁安市,"118.701021,39.998861"
河北迁西县,"118.31467,40.141486"
河北邢台市,"114.49742,37.060227"
河北邯郸市,"114.53915,36.625849"
河北邱县,"115.200049,36.811783"
河北阜城县,"116.175424,37.862984"
河北阜平县,"114.195118,38.849221"
河北隆尧县,"114.770509,37.351232"
河北霸州市,"116.391488,39.125238"
河北青县,"116.804137,38.583657"
河北青龙满族自治县,"118.94985,40.407473"
河北顺平县,"115.135133,38.837988"
河北饶阳县,"115.725898,38.235313"
河北馆陶县,"115.281818,36.548295"
河北香河县,"117.006072,39.763772"
河北高碑店市,"115.873612,39.327233"
河北高邑县,"114.611659,37.615905"
河北高阳县,"115.779149,38.700846"
河北魏县,"114.939217,36.35926"
河北鹿泉市,"114.313559,38.086536"
河北黄骅市,"117.330043,38.372266"
河南三门峡市,"111.200482,34.773196"
河南上街区,"113.309185,34.803514"
河南中牟县,"113.975798,34.720535"
河南临颍县,"113.931121,33.828096"
河南信阳市,"114.091058,32.148624"
河南修武县,"113.447862,35.22286"
河南偃师市,"112.789375,34.72715"
河南光山县,"114.91934,32.010736"
河南兰考县,"114.818228,34.856372"
河南内乡县,"111.849354,33.044698"
河南南召县,"112.429277,33.489804"
河南南阳市,"112.528549,32.990218"
河南博爱县,"113.064701,35.170332"
河南原阳县,"113.939829,35.066873"
河南台前县,"115.871671,35.970286"
河南叶县,"113.357476,33.627437"
河南唐河县,"112.80829,32.682464"
河南商丘市,"115.656358,34.415165"
河南商水县,"114.608135,33.562072"
河南太康县,"114.837946,34.064513"
河南孟州市,"112.791372,34.907229"
河南孟津县,"112.44525,34.825587"
河南宜阳县,"112.179187,34.51462"
河南宝丰县,"113.054538,33.869159"
河南封丘县,"114.418907,35.041237"
河南山城区,"114.184391,35.897862"
河南嵩县,"112.085432,34.134639"
河南平舆县,"114.618537,32.96344"
河南平顶山市,"113.192595,33.766554"
河南延津县,"114.205624,35.165876"
河南开封市,"114.314278,34.798083"
河南新乡县,"113.813884,35.170066"
河南新乡市,"113.92679,35.303589"
河南新县,"114.879309,31.643914"
河南新蔡县,"114.965519,32.74488"
河南新郑市,"113.74024,34.396479"
河南新野县,"112.3601,32.521282"
河南杞县,"114.782629,34.549731"
河南林州市,"113.819275,36.084127"
河南柘城县,"115.305182,34.092015"
河南桐柏县,"113.428702,32.379164"
河南正阳县,"114.392774,32.605697"
河南武陟县,"113.401848,35.099458"
河南永城市,"116.449864,33.929927"
河南汝南县,"114.362477,33.006808"
河南汝州市,"112.844696,34.16717"
河南沁阳市,"112.950873,35.087569"
河南沈丘县,"115.098541,33.409805"
河南泌阳县,"113.327144,32.723974"
河南洛宁县,"111.652958,34.389371"
河南洛阳市,"112.453895,34.619702"
河南济源市,"112.602347,35.069057"
河南淅川县,"111.490902,33.137831"
河南淇县,"114.208851,35.622571"
河南淮滨县,"115.420101,32.474772"
河南渑池,"111.761753,34.767937"
河南渑池县,"111.761753,34.767937"
河南温县,"113.08067,34.93961"
河南漯河市,"114.0166,33.58038"
河南潢川县,"115.051683,32.131426"
河南濮阳县,"115.029165,35.713113"
河南焦作市,"113.241902,35.215726"
河南登封市,"113.05056,34.454877"
河南社旗县,"112.948183,33.056229"
河南禹州市,"113.488715,34.142442"
河南罗山县,"114.512838,32.20436"
河南范县,"115.504081,35.85302"
河南荥阳市,"113.383385,34.7866"
河南获嘉县,"113.657551,35.260153"
河南襄城县,"113.506904,33.851609"
河南西华县,"114.529709,33.768277"
河南西峡县,"111.473644,33.307272"
河南许昌市,"113.852004,34.03732"
河南辉县市,"113.80572,35.462964"
河南通许县,"114.47315,34.502053"
河南遂平县,"114.013323,33.146316"
河南邓州市,"112.08745,32.687732"
河南郏县,"113.21261,33.971787"
河南鄢陵县,"114.177329,34.102985"
河南镇平县,"112.234571,33.033826"
河南长垣县,"114.66885,35.201628"
河南项城市,"114.875128,33.465609"
河南驻马店市,"114.021988,33.014038"
河南鲁山县,"112.908052,33.738434"
浙江三门县,"121.39561,29.104888"
浙江上虞区,"120.868571,30.033862"
浙江上虞市,"120.868571,30.033862"
浙江临海市,"121.144625,28.859042"
浙江丽水市,"119.923249,28.467694"
浙江义乌市,"120.075679,29.306296"
浙江余姚市,"121.154572,30.037967"
浙江兰溪市,"119.460404,29.209059"
浙江南浔区,"120.418244,30.850835"
浙江台州市,"121.42079,28.655716"
浙江吴兴区,"120.185608,30.857184"
浙江嘉兴市,"120.755623,30.746814"
浙江奉化市,"121.406151,29.655292"
浙江宁波市,"121.62454,29.860258"
浙江安吉县,"119.680261,30.638803"
浙江富阳市,"119.96022,30.048803"
浙江嵊州市,"120.830505,29.561519"
浙江常山县,"118.511224,28.902446"
浙江平阳县,"120.565161,27.662394"
浙江建德市,"119.281195,29.474964"
浙江德清县,"119.9774,30.54251"
浙江慈溪市,"121.266525,30.170695"
浙江拱墅区,"120.141503,30.319126"
浙江杭州市,"120.210792,30.246026"
浙江松阳县,"119.481406,28.448883"
浙江桐乡市,"120.565127,30.630375"
浙江桐庐县,"119.691755,29.79418"
浙江永嘉县,"120.69136,28.153914"
浙江永康市,"120.047356,28.88899"
浙江浦江县,"119.89259,29.453363"
浙江海宁市,"120.680224,30.511536"
浙江温岭市,"121.385435,28.372805"
浙江湖州市,"120.086881,30.894178"
浙江滨江区,"120.211981,30.208332"
浙江玉环县,"121.231915,28.136703"
浙江瑞安市,"120.655245,27.778967"
浙江磐安县,"120.449937,29.054491"
浙江绍兴市,"120.582886,30.051549"
浙江缙云县,"120.091685,28.659294"
浙江苍南县,"120.425957,27.518636"
浙江萧山区,"120.264263,30.184119"
浙江衢州市,"118.859307,28.970229"
浙江诸暨市,"120.246602,29.709398"
浙江越城区,"120.582338,29.989092"
浙江路桥区,"121.337874,28.578244"
浙江遂昌县,"119.275865,28.592388"
浙江金华市,"119.647265,29.079195"
浙江长兴县,"119.911212,31.026962"
浙江龙泉市,"119.14126,28.074916"
浙江龙游县,"119.1723,29.028214"
浙江龙湾区,"120.812333,27.933261"
海南万宁市,"110.392605,18.793697"
海南三亚市,"109.511709,18.252865"
海南东方市,"108.651829,19.095187"
海南临高县,"109.690508,19.912025"
海南乐东县,"109.173384,18.750063"
海南乐东黎族自治县,"109.173384,18.750063"
海南保亭县,"109.700279,18.640339"
海南保亭黎族苗族自治县,"109.700279,18.640339"
海南儋州市,"109.580812,19.520948"
海南定安县,"110.358001,19.681215"
海南屯昌县,"110.101667,19.351662"
海南文昌市,"110.797473,19.544234"
海南昌江县,"109.055783,19.298139"
海南海口市,"110.198418,20.045805"
海南澄迈县,"110.007497,19.738885"
海南琼海市,"110.474524,19.259112"
海南美兰区,"110.366359,20.028983"
海南陵水黎族自治县,"110.037553,18.506045"
湖北东西湖区,"114.136295,30.620079"
湖北丹江口市,"111.513318,32.540287"
湖北云梦县,"113.752958,31.021736"
湖北利川市,"108.936456,30.290974"
湖北十堰市,"110.798921,32.629057"
湖北咸宁市,"114.322601,29.84135"
湖北咸安区,"114.299002,29.852726"
湖北嘉鱼县,"113.939249,29.970575"
湖北天门市,"113.166545,30.663706"
湖北安陆市,"113.688955,31.25565"
湖北宜城市,"112.256486,31.720278"
湖北宜昌市,"111.286962,30.69217"
湖北应城市,"113.571864,30.928592"
湖北当阳市,"111.78836,30.820893"
湖北恩施市,"109.479572,30.295148"
湖北房县,"110.726754,32.04017"
湖北新洲区,"114.801284,30.841304"
湖北枝江市,"111.760616,30.425758"
湖北武汉市,"114.304569,30.593354"
湖北武穴市,"115.595451,29.869602"
湖北汉川市,"113.838068,30.673219"
湖北江夏区,"114.320884,30.37558"
湖北江岸区,"114.309317,30.600008"
湖北沙市区,"112.251975,30.326693"
湖北浠水县,"115.265155,30.452212"
湖北潜江市,"112.900279,30.401954"
湖北监利县,"112.904634,29.840229"
湖北竹山县,"110.229696,32.225039"
湖北竹溪县,"109.715322,32.318257"
湖北红安县,"114.618134,31.288167"
湖北荆门市,"112.199009,31.035445"
湖北蔡甸区,"114.087279,30.536395"
湖北蕲春县,"115.436423,30.226146"
湖北谷城县,"111.653077,32.26339"
湖北赤壁市,"113.900385,29.725122"
湖北钟祥市,"112.588032,31.167933"
湖北阳新县,"115.215211,29.830236"
湖北随州市,"113.382324,31.690275"
湖北麻城市,"115.008011,31.172917"
湖北黄冈市,"114.872425,30.453722"
湖北黄梅县,"115.944219,30.070453"
湖北黄陂区,"114.375698,30.882305"
湖南东安县,"111.315893,26.392173"
湖南华容县,"112.540448,29.530775"
湖南吉首市,"109.698348,28.261948"
湖南娄底市,"111.994468,27.699838"
湖南宁乡县,"112.551887,28.277709"
湖南宁远县,"111.945925,25.570817"
湖南岳阳市,"113.128922,29.35648"
湖南常德市,"111.69905,29.031446"
湖南平江县,"113.581296,28.702018"
湖南张家界市,"110.478887,29.117343"
湖南怀化市,"110.001598,27.569813"
湖南攸县,"113.397152,27.01516"
湖南新宁县,"110.857294,26.432913"
湖南株洲市,"113.132783,27.828862"
湖南桃源县,"111.488985,28.90232"
湖南武冈市,"110.632286,26.727414"
湖南永州市,"111.613482,26.419861"
湖南江华瑶族自治县,"111.57951,25.185257"
湖南汨罗市,"113.067097,28.806937"
湖南洞口县,"110.575962,27.060274"
湖南浏阳,"113.64328,28.163866"
湖南湘乡,"112.550268,27.718655"
湖南湘潭市,"112.945439,27.83136"
湖南澧县,"111.758806,29.633138"
湖南益阳市,"112.355994,28.554853"
湖南祁阳县,"111.840253,26.580292"
湖南耒阳县,"112.982951,28.116007"
湖南衡阳市,"112.572016,26.894216"
湖南道县,"111.600866,25.526282"
湖南邵东县,"111.744268,27.259812"
湖南郴州市,"113.015517,25.770117"
湖南长沙市,"112.938882,28.228304"
湖南隆回县,"111.032437,27.113978"
甘肃临夏回族自治州,"103.210386,35.601792"
甘肃临洮县,"103.859446,35.394993"
甘肃兰州市,"103.834228,36.060798"
甘肃天水市,"105.724828,34.581514"
甘肃定西市,"104.592342,35.607947"
甘肃岷县,"104.036731,34.43833"
甘肃平凉市,"106.664913,35.542417"
甘肃庆阳市,"107.643433,35.709459"
甘肃张掖市,"100.449858,38.924766"
甘肃敦煌市,"94.66201,40.142141"
甘肃景泰县,"104.063125,37.18351"
甘肃正宁县,"108.359964,35.492158"
甘肃武威市,"102.637821,37.92898"
甘肃武都区,"104.921861,33.400685"
甘肃民勤县,"103.093671,38.624293"
甘肃环县,"107.308788,36.568566"
甘肃瓜州县,"95.782255,40.520457"
甘肃甘谷县,"105.340789,34.745447"
甘肃白银市,"104.138872,36.545123"
甘肃酒泉市,"98.49432,39.733416"
甘肃金昌市,"102.187972,38.521468"
甘肃陇西县,"104.634928,35.003899"
甘肃靖远县,"104.676202,36.571736"
福建三明市,"117.638919,26.263455"
福建上杭县,"116.419447,25.049867"
福建东山县,"117.4295,23.702034"
福建云霄县,"117.334351,23.935433"
福建仓山区,"119.27322,26.047027"
福建仙游县,"118.689745,25.373373"
福建南安市,"118.385929,24.960056"
福建南平市,"118.081325,27.382829"
福建厦门市,"118.08891,24.479627"
福建古田县,"118.74603,26.578134"
福建同安区,"118.150823,24.723299"
福建宁德市,"119.547729,26.666222"
福建尤溪县,"118.190515,26.169942"
福建平和县,"117.314798,24.363831"
福建建瓯市,"118.304712,27.023233"
福建建阳市,"118.120392,27.331996"
福建惠安县,"118.781037,25.012449"
福建政和县,"118.857703,27.366122"
福建晋江市,"118.551659,24.781635"
福建松溪县,"118.785429,27.526028"
福建永安市,"117.365046,25.941671"
福建永春县,"118.29416,25.321849"
福建泉州市,"118.675724,24.874452"
福建浦城县,"118.541079,27.917804"
福建涵江区,"119.116173,25.459057"
福建漳州市,"117.647298,24.515297"
福建漳浦县,"117.613783,24.11741"
福建福安市,"119.647871,27.088274"
福建福州市,"119.296411,26.074286"
福建福清市,"119.384388,25.720081"
福建福鼎市,"120.216559,27.324796"
福建罗源县,"119.549129,26.490215"
福建诏安县,"117.175314,23.711674"
福建连江县,"119.539542,26.197737"
福建邵武市,"117.492778,27.340672"
福建长乐市,"119.522952,25.962925"
福建长汀县,"116.357581,25.833531"
福建霞浦县,"120.005267,26.885971"
福建马尾区,"119.439259,25.998657"
福建龙岩市,"117.017362,25.075884"
福建龙海市,"117.818485,24.446839"
西藏拉萨市,"91.171924,29.653491"
西藏那曲地区,"92.05151,31.477905"
贵州兴义市,"104.895503,25.09196"
贵州凯里,"107.981409,26.5662"
贵州凯里市,"107.981409,26.5662"
贵州安顺市,"105.9476,26.253103"
贵州德江县,"108.120773,28.264028"
贵州毕节市,"105.291544,27.283615"
贵州湄潭县,"107.465492,27.748942"
贵州贵阳市,"106.628201,26.646694"
贵州遵义市,"107.031922,27.721931"
贵州都匀,"107.518628,26.259456"
辽宁丹东市,"124.354419,40.000646"
辽宁义县,"121.239558,41.533553"
辽宁兴城市,"120.756661,40.60999"
辽宁凌海市,"121.35499,41.160636"
辽宁凌源市,"119.401574,41.245445"
辽宁凤城市,"124.066873,40.45218"
辽宁北票市,"120.771389,41.801117"
辽宁北镇市,"121.777503,41.588657"
辽宁双台子区,"122.07597,41.212401"
辽宁台安县,"122.436037,41.412866"
辽宁大洼县,"122.082227,41.002679"
辽宁大石桥市,"122.509006,40.644482"
辽宁大连市,"121.614786,38.913962"
辽宁庄河,"122.965881,39.680825"
辽宁庄河市,"122.965881,39.680825"
辽宁康平县,"123.343701,42.727249"
辽宁抚顺市,"123.957053,41.881311"
辽宁新宾县,"125.039994,41.734031"
辽宁新宾满族自治县,"125.039994,41.734031"
辽宁朝阳市,"120.488801,41.601855"
辽宁沈河区,"123.45884,41.795688"
辽宁灯塔市,"123.339398,41.426537"
辽宁瓦房店市,"121.979463,39.62701"
辽宁绥中县,"120.34432,40.325576"
辽宁营口市,"122.219148,40.625027"
辽宁葫芦岛市,"120.836783,40.710974"
辽宁辽中区,"122.766159,41.517449"
辽宁辽阳市,"123.239669,41.267396"
辽宁铁岭市,"123.726008,42.223709"
辽宁锦州市,"121.126859,41.096114"
辽宁阜新市,"121.670052,42.022028"
辽宁鞍山市,"122.994183,41.108239"
辽宁鲅鱼圈,"122.121764,40.226708"
辽宁鲅鱼圈区,"122.121764,40.226708"
辽宁黑山县,"122.126645,41.653552"
重庆万州区,"108.408591,30.807621"
重庆丰都县,"107.731056,29.863785"
重庆九龙坡区,"106.510515,29.502325"
重庆云阳县,"108.6975,30.930628"
重庆南川区,"107.099147,29.157879"
重庆合川,"106.27617,29.971968"
重庆合川区,"106.27617,29.971968"
重庆垫江县,"107.332511,30.327548"
重庆大足县,"105.721825,29.707555"
重庆奉节县,"109.401056,31.018505"
重庆巫溪县,"109.570038,31.398619"
重庆开县,"108.39336,31.160416"
重庆梁平,"107.769568,30.654233"
重庆永川,"105.926951,29.356384"
重庆江津区,"106.264435,29.319984"
重庆涪陵区,"107.246521,29.752475"
重庆潼南县,"105.840487,30.191077"
重庆璧山县,"106.204885,29.577455"
重庆石柱县,"108.114251,29.999066"
重庆秀山县,"109.007096,28.448248"
重庆秀山土家族苗族自治县,"109.007096,28.448248"
重庆綦江县,"106.651213,29.028117"
重庆荣昌区,"105.6118,29.416892"
重庆酉阳土家族苗族自治县,"108.76726,28.841409"
重庆重庆市,"106.550483,29.563707"
重庆铜梁区,"106.056265,29.845248"
重庆黔江区,"108.770677,29.533609"
陕西三原县,"108.940754,34.617282"
陕西临潼区,"109.214249,34.367181"
陕西乾县,"108.239316,34.528262"
陕西兴平市,"108.490497,34.299199"
陕西凤翔县,"107.401029,34.522167"
陕西勉县,"106.673217,33.153636"
陕西华县,"109.775765,34.497019"
陕西华州区,"109.775765,34.497019"
陕西合阳县,"110.149412,35.237881"
陕西周至县,"108.222219,34.163592"
陕西咸阳市,"108.708837,34.329896"
陕西商洛市,"109.918646,33.873358"
陕西城固县,"107.333787,33.156937"
陕西大荔县,"109.941784,34.797073"
陕西定边县,"107.601048,37.594976"
陕西宝鸡市,"107.237682,34.362862"
陕西富平县,"109.179903,34.751599"
陕西府谷县,"111.016431,39.015658"
陕西彬县,"108.081892,35.035702"
陕西户县,"108.604772,34.108707"
陕西杨凌,"108.089879,34.272038"
陕西杨凌区,"108.953939,34.266611"
陕西武功县,"108.200275,34.261026"
陕西泾阳县,"108.843029,34.526557"
陕西洋县,"107.545678,33.222808"
陕西渭南市,"109.470962,34.520632"
陕西澄城县,"109.932439,35.190256"
陕西白水县,"109.590501,35.177497"
陕西眉县,"107.750039,34.274774"
陕西礼泉县,"108.424682,34.481875"
陕西神木市,"110.466867,38.899742"
陕西绥德县,"110.263226,37.502984"
陕西蒲城县,"109.586263,34.955755"
陕西西乡县,"107.766477,32.983282"
陕西西安市,"108.939645,34.343207"
陕西长安区,"108.906944,34.158668"
陕西阎良区,"109.226124,34.662232"
陕西韩城市,"110.44295,35.477145"
青海格尔木市,"94.928293,36.407272"
黑龙江七台河市,"131.003015,45.771178"
黑龙江五常市,"127.167501,44.932164"
黑龙江伊春市,"128.840863,47.728332"
黑龙江佳木斯市,"130.318916,46.800002"
黑龙江前进区,"130.375254,46.81405"
黑龙江哈尔滨市,"126.53505,45.802981"
黑龙江大庆市,"125.104078,46.589498"
黑龙江尚志市,"128.009218,45.209199"
黑龙江牡丹江市,"129.632928,44.551486"
黑龙江绥化市,"126.968714,46.654147"
黑龙江讷河市,"124.88293,48.466829"
黑龙江鸡西市,"130.969385,45.295087"
黑龙江鹤岗市,"130.297687,47.350659"
黑龙江齐齐哈尔市,"123.918193,47.354892"
上海宝山区,"121.489431,31.405242"
上海长宁区,"121.424751,31.220537"
上海闵行区,"121.380857,31.112834"
天津宝坻区,"117.309748,39.717054"
天津武清区,"117.04456,39.384108"
天津静海县,"116.975474,38.947772"
安徽休宁县,"118.193533,29.784532"
安徽凤阳县,"117.531791,32.875714"
安徽埇桥区,"116.977039,33.640205"
安徽宁国市,"118.983085,30.634032"
安徽安庆市,"117.115349,30.531828"
安徽广德县,"119.420799,30.877608"
安徽庐江县,"117.288165,31.256978"
安徽怀远县,"117.205083,32.971543"
安徽来安县,"118.432581,32.423072"
安徽池州市,"117.495663,30.674264"
安徽淮南市,"117.018603,32.585384"
安徽蒙城县,"116.56434,33.265671"
安徽蚌埠市,"117.388566,32.91682"
安徽长丰县,"117.167632,32.478347"
安徽霍邱县,"116.277966,32.353362"
安徽青阳县,"117.847366,30.639006"
山东东平县,"116.470211,35.937049"
山东乐陵市,"117.232085,37.729769"
山东五莲县,"119.213673,35.760154"
山东兰陵县,"118.070912,34.858235"
山东台儿庄区,"117.734287,34.563103"
山东垦利县,"118.575234,37.573412"
山东宁津县,"116.800279,37.652456"
山东寿光市,"118.791062,36.857133"
山东庆云县,"117.384163,37.774376"
山东桓台县,"118.097923,36.959794"
山东沂源县,"118.170856,36.185402"
山东泗水县,"117.250824,35.664719"
山东淄川区,"117.966978,36.644211"
山东聊城市,"115.985238,36.455857"
山东莱阳市,"120.711555,36.979757"
山东邹城市,"117.007406,35.402536"
山东鄄城县,"115.544507,35.534088"
山西沁县,"112.699176,36.756152"
山西河津市,"110.712032,35.596357"
山西长治县,"113.051416,36.053104"
山西阳泉市,"113.580426,37.857094"
广东广州市,"113.264499,23.130061"
广东榕城区,"116.36714,23.525918"
江苏丹阳市,"119.606071,32.010035"
江苏南京市,"118.796624,32.059344"
江苏大丰区,"120.500761,33.200047"
江苏宜兴市,"119.821873,31.338429"
江苏宿迁市,"118.275228,33.963186"
江苏建湖县,"119.788743,33.438931"
江苏沛县,"116.936353,34.760761"
江苏泰兴市,"120.051475,32.173072"
江苏海州,"119.163492,34.572506"
江苏盐城市,"120.16263,33.348176"
江苏盱眙县,"118.544545,33.011905"
江苏相城区,"120.642391,31.369189"
江苏靖江市,"120.277124,31.98325"
江苏高淳区,"118.892074,31.328678"
江西乐安县,"115.83099,27.428682"
江西弋阳县,"117.449346,28.378039"
江西德安县,"115.767114,29.298599"
江西抚州市,"116.358054,27.948979"
江西永修县,"115.83207,29.011392"
江西石城县,"116.347611,26.31491"
江西遂川县,"114.520825,26.313413"
河北南和县,"114.683683,37.005626"
河北唐县,"114.982968,38.748477"
河北唐山市,"118.180149,39.63068"
河北大城县,"116.653917,38.705232"
河北威县,"115.266829,36.975164"
河北廊坊市,"116.683546,39.538304"
河北无极县,"114.976256,38.178852"
河北栾城县,"114.647922,37.900915"
河北沙河市,"114.503023,36.855548"
河北行唐县,"114.553044,38.437535"
河北隆化县,"117.739026,41.314402"
河北鸡泽县,"114.889951,36.911525"
河南上蔡县,"114.264381,33.262439"
河南伊川县,"112.425751,34.421741"
河南内黄县,"114.90146,35.972016"
河南周口市,"114.701222,33.634652"
河南固始县,"115.654066,32.169239"
河南夏邑县,"116.131422,34.237801"
河南安阳市,"114.39248,36.098779"
河南尉氏县,"114.19305,34.411437"
河南息县,"114.740392,32.34312"
河南新安县,"112.13246,34.728909"
河南方城县,"113.012849,33.255387"
河南栾川县,"111.615729,33.7857"
河南汝阳县,"112.473013,34.154283"
河南汤阴县,"114.357686,35.925155"
河南洛宁,"111.652958,34.389371"
河南滑县,"114.517977,35.576128"
河南濮阳市,"115.029246,35.762731"
河南灵宝市,"110.894225,34.517734"
河南确山县,"114.016818,32.82134"
河南舞钢市,"113.516427,33.314147"
河南舞阳县,"113.609327,33.438259"
河南西平县,"114.021492,33.387658"
河南许昌县,"113.822869,34.124729"
河南郑州市,"113.625351,34.746303"
河南长葛市,"113.813972,34.195458"
河南鹤壁市,"114.297305,35.748329"
河南鹿邑县,"115.484525,33.860698"
浙江象山县,"121.869251,29.476826"
湖北仙桃市,"113.442973,30.328407"
湖北孝感市,"113.956962,30.918311"
湖北广水市,"113.825977,31.617015"
湖北枣阳市,"112.772723,32.128968"
湖北罗田县,"115.399149,30.783047"
湖北襄阳区,"112.211365,32.088651"
湖北襄阳市,"112.121743,32.010161"
湖北鄂州市,"114.894909,30.391461"
湖北青山区,"114.385424,30.639842"
湖北黄石市,"115.038999,30.201082"
湖南汉寿县,"111.970725,28.906063"
湖南沅江市,"112.354657,28.845755"
湖南湘乡市,"112.550268,27.718655"
湖南茶陵县,"113.537907,26.777957"
湖南邵阳市,"111.467855,27.239528"
贵州毕节地区,"105.291544,27.283615"
辽宁开原市,"124.051886,42.577645"
辽宁新民市,"122.835964,41.985757"
辽宁沈阳市,"123.464675,41.677576"
辽宁海城市,"122.685176,40.882548"
重庆忠县,"108.038073,30.299817"
陕西南郑县,"106.936235,33.000034"
陕西安康市,"109.029017,32.685435"
陕西榆林市,"109.734104,38.28576"
陕西洛川县,"109.43249,35.762626"
陕西靖边,"108.794153,37.600351"
青海西宁市,"101.777795,36.616621"
安徽叶集区,"115.925271,31.863693"
安徽合肥市,"117.227267,31.820567"
安徽宿松县,"116.134485,30.171663"
安徽繁昌县,"118.198536,31.101766"
安徽舒城县,"116.94863,31.462036"
安徽霍山县,"116.348274,31.409668"
山东台儿庄,"117.734287,34.563103"
山东定陶区,"115.583172,35.105742"
山东惠民县,"117.593744,37.47528"
山东莒南县,"118.835166,35.206252"
山东莒县,"118.869059,35.59125"
山东莱西市,"120.517581,36.889167"
山东青岛市,"120.382665,36.066938"
江苏昆山市,"120.980795,31.385476"
江苏江阴市,"120.284794,31.921642"
江苏溧阳市,"119.484164,31.416967"
江苏赣榆区,"119.173173,34.841336"
江苏金坛区,"119.558081,31.752989"
江西南城县,"116.637228,27.570031"
江西鹰潭市,"117.039532,28.272092"
河北满城县,"115.322246,38.949732"
河南南乐县,"115.205876,36.070219"
河南卫辉市,"114.064584,35.398357"
河南浚县,"114.550611,35.677249"
河南淮阳县,"114.852604,33.731543"
河南清丰县,"115.104602,35.886694"
河南虞城县,"115.828519,34.400868"
河南郸城县,"115.177141,33.64601"
浙江东阳市,"120.24179,29.290158"
湖北公安县,"112.229742,30.058519"
湖北洪湖市,"113.475984,29.827256"
湖南南县,"112.396323,29.362396"
湖南石鼓区,"112.597937,26.944257"
辽宁建昌县,"119.836669,40.824484"
安徽旌德县,"118.550043,30.298287"
山东临沂市,"118.356464,35.103771"
山东临沭县,"118.650828,34.920171"
山东新泰市,"117.768069,35.90953"
山东济阳区,"117.173722,36.978299"
河南宁陵县,"115.314221,34.461226"
河南扶沟县,"114.394666,34.060062"
河南民权县,"115.175019,34.648384"
河南睢县,"115.071957,34.446572"
浙江新昌县,"120.903918,29.500525"
湖北石首市,"112.42538,29.720944"
湖北郧西县,"110.426005,32.993095"
