origin,destination,distance
"115.428712,33.195567","121.473667,31.230525",674320
"115.428712,33.195567","121.265276,31.375566",659524
"115.428712,33.195567","121.397662,31.623863",756003
"115.428712,33.195567","121.39547,31.249618",665216
"115.428712,33.195567","121.227676,31.03257",681566
"115.428712,33.195567","121.544346,31.221461",696456
"115.428712,33.195567","121.341774,30.742769",712204
"115.428712,33.195567","121.124249,31.15098",661688
"115.428712,33.195567","104.166713,24.05064",2057486
"115.428712,33.195567","100.088837,23.884175",2416215
"115.428712,33.195567","102.707262,25.043635",1936049
"115.428712,33.195567","103.297155,26.417116",1820695
"115.428712,33.195567","99.161489,25.112018",2404517
"115.428712,33.195567","101.87434,25.704499",2055193
"115.428712,33.195567","100.301614,25.678466",2244607
"115.428712,33.195567","100.267608,25.606548",2238554
"115.428712,33.195567","102.748888,24.950285",1949280
"115.428712,33.195567","104.104255,26.218956",1732161
"115.428712,33.195567","100.590274,25.830491",2195292
"115.428712,33.195567","103.043384,25.327273",1881339
"115.428712,33.195567","102.826178,23.635824",2093056
"115.428712,33.195567","103.266908,23.714518",2041369
"115.428712,33.195567","103.414817,24.411774",1982304
"115.428712,33.195567","98.585621,24.433146",2541925
"115.428712,33.195567","100.977069,22.786769",2339175
"115.428712,33.195567","104.233237,23.38683",2030076
"115.428712,33.195567","102.833669,24.88149",1941019
"115.428712,33.195567","103.717078,27.338185",1691489
"115.428712,33.195567","100.799595,22.011792",2462648
"115.428712,33.195567","103.796288,25.490866",1798040
"115.428712,33.195567","101.528304,25.045678",2078028
"115.428712,33.195567","102.526673,24.346786",2016225
"115.428712,33.195567","97.855423,24.018377",2633432
"115.428712,33.195567","102.496138,23.705707",2132342
"115.428712,33.195567","104.336905,23.605075",1996188
"115.428712,33.195567","102.420566,23.368946",2198755
"115.428712,33.195567","99.397126,23.538092",2509343
"115.428712,33.195567","98.490276,25.020283",2542111
"115.428712,33.195567","103.364936,23.396111",2087405
"115.428712,33.195567","102.725538,24.11114",2031735
"115.428712,33.195567","104.873486,27.441527",1581013
"115.428712,33.195567","103.66671,25.0293",1859003
"115.428712,33.195567","104.394524,23.013108",2090823
"115.428712,33.195567","110.044008,40.57626",1251740
"115.428712,33.195567","107.363536,40.750969",1437139
"115.428712,33.195567","113.132227,40.994526",1140464
"115.428712,33.195567","122.093309,46.072233",1925610
"115.428712,33.195567","108.652114,40.737018",1426850
"115.428712,33.195567","106.79415,39.655048",1394585
"115.428712,33.195567","108.267466,41.088446",1484877
"115.428712,33.195567","109.747435,39.565064",1200232
"115.428712,33.195567","109.95315,40.621327",1323225
"115.428712,33.195567","119.77845,49.166536",2315553
"115.428712,33.195567","111.748814,40.842127",1227577
"115.428712,33.195567","113.577778,41.562176",1196192
"115.428712,33.195567","119.320056,41.600193",1212223
"115.428712,33.195567","119.362832,43.961547",1537585
"115.428712,33.195567","122.708475,48.028396",2177953
"115.428712,33.195567","120.917953,44.567093",1696307
"115.428712,33.195567","111.193879,40.277703",1137419
"115.428712,33.195567","119.921413,42.290731",1374902
"115.428712,33.195567","118.05545,43.61812",1492478
"115.428712,33.195567","120.711639,49.285947",2497844
"115.428712,33.195567","111.674157,40.753054",1230433
"115.428712,33.195567","122.25545,43.623133",1616373
"115.428712,33.195567","118.887613,42.256876",1279578
"115.428712,33.195567","110.034133,40.412766",1297610
"115.428712,33.195567","122.243309,43.653566",1620966
"115.428712,33.195567","116.085814,43.933417",1440921
"115.428712,33.195567","109.902157,40.644081",1327558
"115.428712,33.195567","116.286726,39.858538",854910
"115.428712,33.195567","116.341483,39.726917",834727
"115.428712,33.195567","115.974609,40.457033",956946
"115.428712,33.195567","116.631974,40.317003",921826
"115.428712,33.195567","116.143426,39.748889",853625
"115.428712,33.195567","116.443136,39.921444",865311
"115.428712,33.195567","116.72923,39.916403",878341
"115.428712,33.195567","116.661474,40.149891",906969
"115.428712,33.195567","124.040651,45.003539",1814087
"115.428712,33.195567","125.184921,44.432829",1821548
"115.428712,33.195567","126.549719,43.838132",1848234
"115.428712,33.195567","124.350599,43.166764",1637012
"115.428712,33.195567","125.325802,43.896942",1750902
"115.428712,33.195567","129.507655,42.891034",2097423
"115.428712,33.195567","125.728552,44.521788",1837740
"115.428712,33.195567","124.825321,45.14191",1848151
"115.428712,33.195567","125.711129,42.539183",1678832
"115.428712,33.195567","126.533126,44.840263",1930220
"115.428712,33.195567","122.838102,45.620131",1889512
"115.428712,33.195567","126.414274,41.944132",1762427
"115.428712,33.195567","125.144676,42.887961",1662152
"115.428712,33.195567","123.088093,44.812912",1796770
"115.428712,33.195567","123.967244,44.276293",1734483
"115.428712,33.195567","125.323643,43.816996",1742315
"115.428712,33.195567","104.678601,31.03327",1280038
"115.428712,33.195567","104.167345,31.12655",1323714
"115.428712,33.195567","104.133931,29.995638",1413689
"115.428712,33.195567","106.303082,31.271693",1107523
"115.428712,33.195567","102.244774,26.655047",1955396
"115.428712,33.195567","105.057992,29.58021",1370015
"115.428712,33.195567","106.110565,30.837235",1179420
"115.428712,33.195567","106.036349,31.348255",1143030
"115.428712,33.195567","103.92342,30.574884",1383639
"115.428712,33.195567","105.444777,28.155631",1428961
"115.428712,33.195567","107.204702,30.736222",1076925
"115.428712,33.195567","103.571313,29.738143",1489269
"115.428712,33.195567","104.669032,29.527456",1400984
"115.428712,33.195567","104.642826,28.752354",1439385
"115.428712,33.195567","104.975193,29.181779",1381323
"115.428712,33.195567","106.440056,30.538656",1194578
"115.428712,33.195567","104.409766,31.441636",1287736
"115.428712,33.195567","103.484557,29.601189",1513651
"115.428712,33.195567","106.747548,31.867853",1023889
"115.428712,33.195567","107.103613,31.560436",1032984
"115.428712,33.195567","105.844004,32.435774",1160658
"115.428712,33.195567","106.632647,30.456354",1172627
"115.428712,33.195567","104.282204,30.977264",1326417
"115.428712,33.195567","107.868609,31.082945",1044883
"115.428712,33.195567","104.397795,31.127449",1304630
"115.428712,33.195567","104.066301,30.572961",1363739
"115.428712,33.195567","101.71846,26.582417",1996764
"115.428712,33.195567","104.043246,30.641849",1363881
"115.428712,33.195567","106.295945,30.349493",1206626
"115.428712,33.195567","104.74564,31.778572",1248172
"115.428712,33.195567","105.381879,29.1516",1357317
"115.428712,33.195567","105.441866,28.87098",1348311
"115.428712,33.195567","106.973114,30.836504",1100166
"115.428712,33.195567","101.509038,27.422593",1913074
"115.428712,33.195567","103.848417,30.077113",1436331
"115.428712,33.195567","104.511159,28.167981",1506375
"115.428712,33.195567","104.547644,30.410937",1352201
"115.428712,33.195567","104.220679,31.339251",1305299
"115.428712,33.195567","104.679127,31.467673",1261407
"115.428712,33.195567","104.619853,28.766537",1443127
"115.428712,33.195567","105.934756,31.731709",1125709
"115.428712,33.195567","104.417438,29.445461",1428560
"115.428712,33.195567","106.565524,31.077057",1108486
"115.428712,33.195567","102.264166,27.89441",1805431
"115.428712,33.195567","104.851874,29.763419",1389912
"115.428712,33.195567","104.627265,30.129236",1351918
"115.428712,33.195567","107.46778,31.209278",1019911
"115.428712,33.195567","105.592602,30.53268",1231767
"115.428712,33.195567","106.930242,30.334911",1138576
"115.428712,33.195567","104.052236,30.691359",1357010
"115.428712,33.195567","105.287507,29.339408",1337668
"115.428712,33.195567","103.041538,30.009998",1495823
"115.428712,33.195567","104.27536,30.556808",1358612
"115.428712,33.195567","117.313567,39.086789",804283
"115.428712,33.195567","117.135614,39.224638",805566
"115.428712,33.195567","117.69641,39.017809",825972
"115.428712,33.195567","117.201509,39.085318",796537
"115.428712,33.195567","117.597183,39.024984",811983
"115.428712,33.195567","116.975474,38.947772",764492
"115.428712,33.195567","105.19677,37.500185",1328888
"115.428712,33.195567","105.684729,37.492092",1277197
"115.428712,33.195567","106.212479,37.984586",1250913
"115.428712,33.195567","105.895412,36.954635",1236053
"115.428712,33.195567","106.24267,36.01628",1118701
"115.428712,33.195567","105.643449,36.565189",1222897
"115.428712,33.195567","106.382792,38.984632",1304807
"115.428712,33.195567","106.230977,38.487783",1246760
"115.428712,33.195567","115.26312,33.038884",29149
"115.428712,33.195567","117.881312,33.126532",259236
"115.428712,33.195567","118.274149,32.08593",357381
"115.428712,33.195567","116.519729,31.735892",246392
"115.428712,33.195567","116.710947,32.710536",174128
"115.428712,33.195567","116.206396,33.158424",91433
"115.428712,33.195567","117.310133,31.793801",299025
"115.428712,33.195567","118.334083,30.914621",467715
"115.428712,33.195567","118.101448,31.735559",384573
"115.428712,33.195567","118.353668,31.74248",409734
"115.428712,33.195567","117.316585,33.318371",253534
"115.428712,33.195567","119.004838,32.667409",400019
"115.428712,33.195567","115.621941,33.160327",24577
"115.428712,33.195567","116.30881,30.454198",414783
"115.428712,33.195567","117.698528,32.530741",276659
"115.428712,33.195567","118.759127,30.939278",485916
"115.428712,33.195567","116.96419,33.647726",188030
"115.428712,33.195567","116.798203,32.545027",197951
"115.428712,33.195567","116.359732,30.849716",343682
"115.428712,33.195567","117.890236,31.624464",362496
"115.428712,33.195567","118.336799,29.827291",590368
"115.428712,33.195567","116.829612,30.73484",402196
"115.428712,33.195567","117.902265,31.304462",405096
"115.428712,33.195567","118.018197,32.78193",274410
"115.428712,33.195567","116.70641,30.128404",441687
"115.428712,33.195567","117.250191,30.705466",410013
"115.428712,33.195567","116.936588,31.035476",358668
"115.428712,33.195567","118.415258,29.861354",597433
"115.428712,33.195567","117.910277,33.483686",318078
"115.428712,33.195567","118.419552,30.688793",501367
"115.428712,33.195567","116.21665,33.494134",99595
"115.428712,33.195567","118.333439,32.255904",344465
"115.428712,33.195567","116.581224,30.631022",384009
"115.428712,33.195567","116.76616,33.915612",219527
"115.428712,33.195567","117.549321,33.554464",291443
"115.428712,33.195567","115.374688,33.257799",14539
"115.428712,33.195567","116.795233,33.959927",208914
"115.428712,33.195567","116.366257,34.442139",262249
"115.428712,33.195567","117.717452,29.854179",528844
"115.428712,33.195567","118.578519,30.067533",584547
"115.428712,33.195567","117.4779,31.878601",315007
"115.428712,33.195567","117.158416,31.707006",299697
"115.428712,33.195567","118.576124,31.134809",461106
"115.428712,33.195567","118.433065,31.352614",424073
"115.428712,33.195567","116.947289,34.18884",275645
"115.428712,33.195567","117.26053,31.851211",290358
"115.428712,33.195567","119.184326,31.142995",516661
"115.428712,33.195567","117.811298,30.945214",449316
"115.428712,33.195567","115.596003,32.659681",86455
"115.428712,33.195567","115.814252,32.891032",60202
"115.428712,33.195567","116.256772,32.653211",136502
"115.428712,33.195567","118.50685,31.668765",444565
"115.428712,33.195567","118.337643,29.714886",577203
"115.428712,33.195567","115.107402,35.275664",289818
"115.428712,33.195567","116.247655,36.335198",454718
"115.428712,33.195567","118.543274,36.51246",659800
"115.428712,33.195567","115.704982,36.83828",479023
"115.428712,33.195567","116.866568,37.190139",565560
"115.428712,33.195567","116.605763,35.444226",382377
"115.428712,33.195567","116.78365,35.551938",399192
"115.428712,33.195567","118.070912,34.858235",443407
"115.428712,33.195567","115.441684,36.484011",438341
"115.428712,33.195567","118.255084,37.490919",684685
"115.428712,33.195567","116.106396,34.779282",254042
"115.428712,33.195567","118.110715,37.154529",654150
"115.428712,33.195567","120.447691,36.390217",764154
"115.428712,33.195567","117.869686,36.80309",602390
"115.428712,33.195567","117.157165,37.309694",592512
"115.428712,33.195567","116.342308,35.40794",364267
"115.428712,33.195567","116.001796,36.948013",491042
"115.428712,33.195567","116.987106,36.678665",508769
"115.428712,33.195567","122.120519,37.513315",975547
"115.428712,33.195567","116.805578,35.758919",426109
"115.428712,33.195567","119.21892,36.479642",719237
"115.428712,33.195567","116.062585,35.388543",331379
"115.428712,33.195567","116.434016,37.165453",562519
"115.428712,33.195567","119.970192,36.753895",772351
"115.428712,33.195567","117.615201,35.516849",488964
"115.428712,33.195567","116.455865,36.289813",436785
"115.428712,33.195567","118.419437,37.053915",661019
"115.428712,33.195567","118.017877,36.807011",614779
"115.428712,33.195567","117.129188,34.806657",396322
"115.428712,33.195567","116.359244,37.436492",565655
"115.428712,33.195567","115.889775,34.95278",254670
"115.428712,33.195567","120.433904,37.354517",848303
"115.428712,33.195567","122.08832,37.196032",939081
"115.428712,33.195567","117.625846,37.770579",666843
"115.428712,33.195567","119.52685,35.416912",598359
"115.428712,33.195567","118.841035,36.688035",692694
"115.428712,33.195567","119.403185,36.843256",738369
"115.428712,33.195567","116.986212,35.581933",421470
"115.428712,33.195567","115.556393,34.85875",240482
"115.428712,33.195567","120.432652,36.145987",726853
"115.428712,33.195567","117.323759,34.810858",385876
"115.428712,33.195567","120.849595,37.335993",856242
"115.428712,33.195567","116.131779,35.765957",373208
"115.428712,33.195567","116.069312,37.213398",517297
"115.428712,33.195567","116.497277,35.711891",393111
"115.428712,33.195567","118.465259,35.550078",543180
"115.428712,33.195567","118.628142,35.790919",592686
"115.428712,33.195567","118.403073,35.088936",497344
"115.428712,33.195567","118.525519,37.886217",732922
"115.428712,33.195567","118.098962,37.698952",681501
"115.428712,33.195567","117.086963,36.201784",478624
"115.428712,33.195567","117.120128,36.652069",514752
"115.428712,33.195567","116.587116,35.415117",384157
"115.428712,33.195567","121.173506,36.688316",840416
"115.428712,33.195567","118.054994,36.813787",621015
"115.428712,33.195567","117.966978,36.644211",596383
"115.428712,33.195567","117.165881,35.11412",406766
"115.428712,33.195567","117.970731,37.382687",652223
"115.428712,33.195567","119.161721,36.707668",719299
"115.428712,33.195567","121.601015,37.387454",942766
"115.428712,33.195567","116.638558,36.934198",530514
"115.428712,33.195567","117.526228,36.681258",559803
"115.428712,33.195567","116.769098,36.181975",448560
"115.428712,33.195567","120.033382,36.26468",710148
"115.428712,33.195567","121.400303,37.541312",909327
"115.428712,33.195567","116.254865,36.580814",466261
"115.428712,33.195567","122.487036,37.165698",975681
"115.428712,33.195567","115.669843,36.233711",397351
"115.428712,33.195567","119.942057,37.178187",816716
"115.428712,33.195567","115.479646,35.234309",273467
"115.428712,33.195567","117.953367,35.720128",537560
"115.428712,33.195567","120.829141,37.795697",906150
"115.428712,33.195567","117.263524,34.795339",383787
"115.428712,33.195567","119.410051,35.996404",673268
"115.428712,33.195567","117.9776,35.265851",482172
"115.428712,33.195567","117.74313,36.863393",587611
"115.428712,33.195567","115.938939,35.575276",330584
"115.428712,33.195567","118.36727,34.614077",432353
"115.428712,33.195567","116.752101,36.554251",475029
"115.428712,33.195567","115.791822,36.114392",391519
"115.428712,33.195567","116.576148,37.336444",577312
"115.428712,33.195567","118.479637,36.685178",666710
"115.428712,33.195567","119.755271,36.382973",720447
"115.428712,33.195567","117.826743,37.171042",625242
"115.428712,33.195567","116.650526,35.012706",351924
"115.428712,33.195567","120.175472,35.962885",689975
"115.428712,33.195567","116.762767,36.784164",514095
"115.428712,33.195567","120.47614,37.645281",891233
"115.428712,33.195567","110.837957,35.415805",602413
"115.428712,33.195567","111.51931,36.088581",632611
"115.428712,33.195567","110.774553,35.144406",594988
"115.428712,33.195567","111.846808,38.91111",926741
"115.428712,33.195567","112.155857,37.55169",744051
"115.428712,33.195567","111.916451,37.027538",722249
"115.428712,33.195567","111.372002,35.619105",576355
"115.428712,33.195567","111.085944,39.022616",989959
"115.428712,33.195567","112.711025,38.731412",834594
"115.428712,33.195567","111.14454,37.518996",815162
"115.428712,33.195567","111.219946,35.140733",560704
"115.428712,33.195567","113.366749,40.09711",1025348
"115.428712,33.195567","112.549656,37.870451",720348
"115.428712,33.195567","112.551297,37.421392",690044
"115.428712,33.195567","111.778935,37.146051",736437
"115.428712,33.195567","112.957234,38.471725",811265
"115.428712,33.195567","112.565524,37.736865",704485
"115.428712,33.195567","112.892301,36.3162",526868
"115.428712,33.195567","112.175825,37.189614",705616
"115.428712,33.195567","114.282703,39.760404",921204
"115.428712,33.195567","113.190952,39.554471",1000768
"115.428712,33.195567","112.734149,38.415958",793312
"115.428712,33.195567","112.752633,37.688006",697760
"115.428712,33.195567","112.852022,35.491315",427197
"115.428712,33.195567","112.432906,39.331734",947926
"115.428712,33.195567","112.86396,36.837865",586060
"115.428712,33.195567","110.447771,34.866499",616484
"115.428712,33.195567","110.998135,35.015549",569149
"115.428712,33.195567","112.335226,37.358425",718730
"115.428712,33.195567","113.265464,39.188835",934112
"115.428712,33.195567","110.694418,34.694173",560156
"115.428712,33.195567","113.051298,36.535629",555737
"115.428712,33.195567","111.441725,35.876293",604146
"115.428712,33.195567","113.117394,36.195142",522719
"115.428712,33.195567","111.224485,35.356664",569843
"115.428712,33.195567","112.414798,35.486275",484271
"115.428712,33.195567","113.280755,35.775239",463994
"115.428712,33.195567","112.923798,35.798775",462183
"115.428712,33.195567","113.387025,36.502258",558301
"115.428712,33.195567","113.304179,23.087056",1371484
"115.428712,33.195567","113.751884,23.021016",1382250
"115.428712,33.195567","113.392517,22.517024",1439699
"115.428712,33.195567","112.044524,22.915163",1457643
"115.428712,33.195567","113.121586,23.021351",1401477
"115.428712,33.195567","110.946866,22.354887",1557248
"115.428712,33.195567","115.731133,24.137296",1228862
"115.428712,33.195567","110.639581,21.664483",1662192
"115.428712,33.195567","113.525178,22.801435",1400665
"115.428712,33.195567","114.289602,23.172587",1327757
"115.428712,33.195567","116.244105,23.286238",1364276
"115.428712,33.195567","110.779361,21.440763",1691893
"115.428712,33.195567","110.455192,21.244405",1735629
"115.428712,33.195567","113.810734,23.261452",1339777
"115.428712,33.195567","113.883831,22.554986",1413742
"115.428712,33.195567","110.286109,21.609988",1706632
"115.428712,33.195567","112.698113,22.377378",1490780
"115.428712,33.195567","110.17595,20.325969",1860727
"115.428712,33.195567","112.166908,23.920806",1300766
"115.428712,33.195567","114.720136,22.984831",1329232
"115.428712,33.195567","114.382526,23.084657",1314591
"115.428712,33.195567","114.415587,23.112368",1303431
"115.428712,33.195567","116.295038,23.033889",1409642
"115.428712,33.195567","114.456107,22.789431",1350555
"115.428712,33.195567","115.841742,23.431314",1311483
"115.428712,33.195567","116.372732,23.550968",1375027
"115.428712,33.195567","113.034454,22.458519",1480358
"115.428712,33.195567","116.165646,23.297742",1355504
"115.428712,33.195567","116.122046,24.288832",1209321
"115.428712,33.195567","116.681956,23.354152",1395107
"115.428712,33.195567","115.375557,22.787204",1401571
"115.428712,33.195567","113.266887,23.133306",1371305
"115.428712,33.195567","113.081548,22.578948",1458983
"115.428712,33.195567","114.700215,23.744276",1223777
"115.428712,33.195567","115.322974,22.967212",1379351
"115.428712,33.195567","114.057939,22.543527",1399603
"115.428712,33.195567","113.829582,22.722776",1403430
"115.428712,33.195567","113.062612,23.697889",1312832
"115.428712,33.195567","113.056098,23.682064",1317335
"115.428712,33.195567","116.628343,23.675104",1358896
"115.428712,33.195567","110.357538,21.270108",1735833
"115.428712,33.195567","116.439105,23.239196",1385416
"115.428712,33.195567","116.621901,23.657662",1361156
"115.428712,33.195567","116.601677,23.264923",1401414
"115.428712,33.195567","113.576892,22.271644",1477478
"115.428712,33.195567","111.013368,21.513946",1658484
"115.428712,33.195567","113.383917,22.93756",1390816
"115.428712,33.195567","113.2732,23.157159",1370455
"115.428712,33.195567","113.122532,23.009475",1405731
"115.428712,33.195567","111.569788,22.768345",1497056
"115.428712,33.195567","114.129986,24.350581",1177718
"115.428712,33.195567","113.220125,23.404326",1348475
"115.428712,33.195567","113.401827,24.20716",1246129
"115.428712,33.195567","110.925533,21.662728",1650472
"115.428712,33.195567","110.365592,21.265948",1736592
"115.428712,33.195567","112.377255,24.780873",1180752
"115.428712,33.195567","110.25043,21.378371",1721063
"115.428712,33.195567","111.535387,23.234561",1410294
"115.428712,33.195567","116.70341,23.365716",1389594
"115.428712,33.195567","112.005586,21.869081",1586356
"115.428712,33.195567","111.791587,22.17041",1551589
"115.428712,33.195567","111.98343,21.856853",1591331
"115.428712,33.195567","111.617696,21.753935",1617110
"115.428712,33.195567","115.652142,22.91874",1389932
"115.428712,33.195567","115.659978,23.301557",1324137
"115.428712,33.195567","110.397721,21.192463",1751881
"115.428712,33.195567","113.597324,24.810977",1162127
"115.428712,33.195567","113.293197,22.805413",1413016
"115.428712,33.195567","117.0045,23.663294",1356380
"115.428712,33.195567","110.853169,21.918017",1613095
"115.428712,33.195567","112.964203,22.765912",1432275
"115.428712,33.195567","113.480613,23.181355",1354650
"115.428712,33.195567","114.246884,22.720889",1373937
"115.428712,33.195567","107.983627,22.153671",1704279
"115.428712,33.195567","108.605089,23.432451",1527361
"115.428712,33.195567","107.971828,21.547821",1763953
"115.428712,33.195567","111.087089,25.94939",1098137
"115.428712,33.195567","109.875223,22.736395",1570022
"115.428712,33.195567","108.368071,22.85354",1600993
"115.428712,33.195567","110.672013,25.612576",1156525
"115.428712,33.195567","110.353765,22.708415",1566586
"115.428712,33.195567","109.120248,21.481305",1733039
"115.428712,33.195567","107.540578,24.975066",1544211
"115.428712,33.195567","108.366407,22.8177",1597278
"115.428712,33.195567","109.975856,22.273539",1610917
"115.428712,33.195567","109.207236,21.66132",1708041
"115.428712,33.195567","107.998151,23.735699",1566078
"115.428712,33.195567","107.143539,23.080818",1751851
"115.428712,33.195567","108.611303,24.500981",1429107
"115.428712,33.195567","110.558093,22.85844",1536074
"115.428712,33.195567","108.810336,23.217771",1528890
"115.428712,33.195567","110.994955,22.918327",1483604
"115.428712,33.195567","107.364973,22.377139",1732367
"115.428712,33.195567","107.258671,24.142216",1629739
"115.428712,33.195567","110.632867,24.622814",1289770
"115.428712,33.195567","110.392489,23.540413",1452530
"115.428712,33.195567","107.589768,23.329815",1642937
"115.428712,33.195567","106.615087,23.324084",1771671
"115.428712,33.195567","108.665641,24.066176",1477956
"115.428712,33.195567","107.90389,22.635542",1677327
"115.428712,33.195567","109.221243,23.750105",1435914
"115.428712,33.195567","109.385504,24.336229",1375617
"115.428712,33.195567","109.428071,24.326442",1371025
"115.428712,33.195567","109.326365,24.255644",1401623
"115.428712,33.195567","110.079315,23.394208",1483905
"115.428712,33.195567","110.179752,25.235615",1236920
"115.428712,33.195567","111.279022,23.476733",1419332
"115.428712,33.195567","109.262448,22.681257",1573247
"115.428712,33.195567","109.663153,23.594444",1465657
"115.428712,33.195567","108.291766,23.157549",1594065
"115.428712,33.195567","108.085244,24.692906",1472196
"115.428712,33.195567","109.556232,22.271902",1630863
"115.428712,33.195567","109.572227,23.11136",1537631
"115.428712,33.195567","111.160764,25.489419",1172730
"115.428712,33.195567","109.290698,22.416671",1610455
"115.428712,33.195567","110.319837,25.3948",1205438
"115.428712,33.195567","110.18097,22.654001",1573328
"115.428712,33.195567","107.125609,23.596706",1698472
"115.428712,33.195567","106.61869,23.90307",1698920
"115.428712,33.195567","108.327537,22.816659",1601137
"115.428712,33.195567","110.914606,23.375538",1452293
"115.428712,33.195567","109.452668,23.127405",1548910
"115.428712,33.195567","109.704852,23.973832",1411757
"115.428712,33.195567","111.567216,24.404182",1299533
"115.428712,33.195567","108.037384,24.689475",1484532
"115.428712,33.195567","108.657427,21.940438",1666061
"115.428712,33.195567","108.654355,21.980894",1671013
"115.428712,33.195567","108.353978,21.768826",1713406
"115.428712,33.195567","108.35467,21.686732",1721628
"115.428712,33.195567","110.496305,24.778785",1301919
"115.428712,33.195567","110.26412,22.321563",1616938
"115.428712,33.195567","107.695721,23.166356",1658860
"115.428712,33.195567","106.417666,23.134375",1815763
"115.428712,33.195567","108.177764,23.708448",1555593
"115.428712,33.195567","109.750527,24.472897",1335544
"115.428712,33.195567","106.854001,22.343591",1790600
"115.428712,33.195567","85.529619,38.145749",3416516
"115.428712,33.195567","87.616824,43.825377",3290279
"115.428712,33.195567","84.889239,45.577712",3578456
"115.428712,33.195567","82.051433,44.853882",3780559
"115.428712,33.195567","77.413669,37.882994",4217791
"115.428712,33.195567","89.190374,42.950736",3056423
"115.428712,33.195567","79.921646,37.114406",3983876
"115.428712,33.195567","86.877688,42.28361",3355955
"115.428712,33.195567","86.384065,42.323625",3399527
"115.428712,33.195567","93.515053,42.819346",2664328
"115.428712,33.195567","75.989746,39.470492",4459260
"115.428712,33.195567","75.993936,39.46823",4459340
"115.428712,33.195567","79.074965,39.867776",4201331
"115.428712,33.195567","82.980316,46.745364",3824569
"115.428712,33.195567","82.986923,46.751669",3825775
"115.428712,33.195567","89.593879,44.022001",3100114
"115.428712,33.195567","84.903216,44.426452",3508778
"115.428712,33.195567","78.54799,39.79923",4222533
"115.428712,33.195567","86.174633,41.725891",3450057
"115.428712,33.195567","82.998544,41.719073",3726025
"115.428712,33.195567","81.851289,41.795289",3847613
"115.428712,33.195567","83.233002,43.434803",3778915
"115.428712,33.195567","82.781774,41.221413",3797533
"115.428712,33.195567","86.57434,42.059509",3398403
"115.428712,33.195567","81.835732,43.218435",3951041
"115.428712,33.195567","86.080397,44.305368",3410878
"115.428712,33.195567","82.890709,44.599202",3684403
"115.428712,33.195567","88.167226,39.022626",3132962
"115.428712,33.195567","84.251508,41.778043",3620860
"115.428712,33.195567","90.242843,42.900575",2965387
"115.428712,33.195567","80.265068,41.170712",3983728
"115.428712,33.195567","80.263387,41.16755",3984360
"115.428712,33.195567","88.141253,47.844924",3599574
"115.428712,33.195567","80.878845,44.056329",3909851
"115.428712,33.195567","120.320308,32.867845",555126
"115.428712,33.195567","118.752869,34.542194",455903
"115.428712,33.195567","116.658111,34.697232",307743
"115.428712,33.195567","119.184468,32.272833",412796
"115.428712,33.195567","118.822241,32.323235",377184
"115.428712,33.195567","119.85255,32.911952",542418
"115.428712,33.195567","120.894522,31.981269",602274
"115.428712,33.195567","119.168693,31.945732",425720
"115.428712,33.195567","121.65523,31.792831",691177
"115.428712,33.195567","120.632094,31.263604",601089
"115.428712,33.195567","120.645728,31.138525",616550
"115.428712,33.195567","119.578332,34.199172",539252
"115.428712,33.195567","121.130344,31.458043",636956
"115.428712,33.195567","121.18495,32.331584",620669
"115.428712,33.195567","120.574028,32.371493",565343
"115.428712,33.195567","119.358389,33.241125",495044
"115.428712,33.195567","118.242048,33.963891",396331
"115.428712,33.195567","118.330423,33.94813",401152
"115.428712,33.195567","120.326338,33.766277",591775
"115.428712,33.195567","119.974092,31.811313",504975
"115.428712,33.195567","120.752512,31.656016",615626
"115.428712,33.195567","120.555979,31.876739",564522
"115.428712,33.195567","117.283752,34.204224",306706
"115.428712,33.195567","119.796816,32.236476",494779
"115.428712,33.195567","119.412834,32.394404",441361
"115.428712,33.195567","118.354747,34.369585",407956
"115.428712,33.195567","120.311889,31.491064",572174
"115.428712,33.195567","119.141183,33.50296",457745
"115.428712,33.195567","118.83951,31.953195",407424
"115.428712,33.195567","119.569684,32.43571",460716
"115.428712,33.195567","118.804321,34.110642",459328
"115.428712,33.195567","118.223941,33.476575",356059
"115.428712,33.195567","118.703636,33.723576",416047
"115.428712,33.195567","119.922883,32.456692",498911
"115.428712,33.195567","118.873132,33.294095",399502
"115.428712,33.195567","120.46779,32.532853",545366
"115.428712,33.195567","119.163492,34.572506",496988
"115.428712,33.195567","121.182016,31.869418",632716
"115.428712,33.195567","119.260589,33.781648",471156
"115.428712,33.195567","119.113166,33.551495",451192
"115.428712,33.195567","119.034895,33.632588",439744
"115.428712,33.195567","119.820713,33.990372",532405
"115.428712,33.195567","119.239426,34.284074",496431
"115.428712,33.195567","117.941364,33.913727",376591
"115.428712,33.195567","120.642391,31.369189",592908
"115.428712,33.195567","117.465137,34.436492",344386
"115.428712,33.195567","119.221487,34.596639",502330
"115.428712,33.195567","121.073742,32.065972",610592
"115.428712,33.195567","118.012511,34.339208",377257
"115.428712,33.195567","119.020432,33.024663",385300
"115.428712,33.195567","119.424441,32.188141",452117
"115.428712,33.195567","119.802271,33.758857",554417
"115.428712,33.195567","114.759746,26.456821",896037
"115.428712,33.195567","117.058445,28.694582",654494
"115.428712,33.195567","114.445477,28.106201",710950
"115.428712,33.195567","114.55177,25.784754",984995
"115.428712,33.195567","117.943064,28.45513",768226
"115.428712,33.195567","114.948045,28.238591",685265
"115.428712,33.195567","116.603159,28.249059",724777
"115.428712,33.195567","115.771131,28.160053",715923
"115.428712,33.195567","117.151499,28.978521",607238
"115.428712,33.195567","115.95356,29.66116",525486
"115.428712,33.195567","115.415145,25.952564",1010691
"115.428712,33.195567","115.809271,25.58734",1042067
"115.428712,33.195567","116.695787,28.70283",658124
"115.428712,33.195567","116.854576,28.199657",707232
"115.428712,33.195567","114.922485,25.38676",1020685
"115.428712,33.195567","114.546536,29.026166",583142
"115.428712,33.195567","114.530148,24.742353",1110659
"115.428712,33.195567","115.363475,26.338129",929725
"115.428712,33.195567","114.69264,27.814723",731407
"115.428712,33.195567","116.525898,27.21845",833668
"115.428712,33.195567","114.765044,25.661369",983909
"115.428712,33.195567","115.93349,28.557921",673683
"115.428712,33.195567","115.857972,28.682976",646377
"115.428712,33.195567","114.96681,27.091243",816802
"115.428712,33.195567","115.135963,27.229697",816821
"115.428712,33.195567","114.362306,25.401968",1038653
"115.428712,33.195567","115.400624,28.688254",700288
"115.428712,33.195567","117.861532,29.248491",635662
"115.428712,33.195567","116.009171,26.470865",946090
"115.428712,33.195567","115.549158,28.845585",642416
"115.428712,33.195567","114.619818,27.393286",793597
"115.428712,33.195567","115.393992,25.136855",1107859
"115.428712,33.195567","115.027908,24.783372",1097899
"115.428712,33.195567","114.803036,28.394466",655952
"115.428712,33.195567","114.416826,27.816245",748014
"115.428712,33.195567","116.076363,27.754416",796426
"115.428712,33.195567","118.189729,28.463697",762233
"115.428712,33.195567","116.336556,26.843974",875007
"115.428712,33.195567","116.563858,29.877404",502293
"115.428712,33.195567","117.594549,28.930557",659838
"115.428712,33.195567","114.916665,27.818553",735261
"115.428712,33.195567","115.386853,27.740368",773016
"115.428712,33.195567","117.184892,29.2744",573558
"115.428712,33.195567","115.546174,28.054632",733396
"115.428712,33.195567","115.092649,29.246785",576810
"115.428712,33.195567","115.421599,27.317301",852527
"115.428712,33.195567","114.242425,26.945157",875667
"115.428712,33.195567","114.922987,26.801687",849419
"115.428712,33.195567","116.252206,29.731194",540557
"115.428712,33.195567","118.244736,28.681936",734064
"115.428712,33.195567","115.681221,29.676026",515864
"115.428712,33.195567","116.027114,25.88623",992873
"115.428712,33.195567","113.887147,27.658721",796439
"115.428712,33.195567","117.245178,28.292397",728574
"115.428712,33.195567","115.021196,25.854496",991154
"115.428712,33.195567","114.933494,25.831139",982047
"115.428712,33.195567","116.242468,28.377627",707909
"115.428712,33.195567","116.203999,29.273803",592372
"115.428712,33.195567","116.703731,29.005675",635546
"115.428712,33.195567","116.755018,27.91973",746175
"115.428712,33.195567","117.734742,28.298415",745930
"115.428712,33.195567","114.354623,28.513291",653250
"115.428712,33.195567","115.366863,28.448054",704822
"115.428712,33.195567","116.907446,27.282729",835056
"115.428712,33.195567","114.804474,24.901216",1086962
"115.428712,33.195567","117.078269,39.982933",899569
"115.428712,33.195567","116.537138,37.888844",634524
"115.428712,33.195567","118.162426,39.832919",932405
"115.428712,33.195567","115.501258,36.871312",510368
"115.428712,33.195567","118.91245,39.425748",966917
"115.428712,33.195567","116.084412,38.685325",717060
"115.428712,33.195567","114.525508,37.767332",631979
"115.428712,33.195567","115.579392,37.550922",569204
"115.428712,33.195567","114.512226,37.287612",577102
"115.428712,33.195567","115.40866,37.358907",551817
"115.428712,33.195567","118.891931,39.892564",993234
"115.428712,33.195567","116.298696,39.438797",806338
"115.428712,33.195567","115.147985,36.286406",412099
"115.428712,33.195567","117.104514,38.053438",681328
"115.428712,33.195567","114.940006,37.624524",594489
"115.428712,33.195567","115.327088,38.418985",705306
"115.428712,33.195567","115.808183,39.263219",793716
"115.428712,33.195567","114.990321,38.516746",722683
"115.428712,33.195567","115.099515,40.609444",1003657
"115.428712,33.195567","114.212571,36.419298",498809
"115.428712,33.195567","115.037884,37.221293",536571
"115.428712,33.195567","115.03008,37.063771",530832
"115.428712,33.195567","114.186007,38.260288",702394
"115.428712,33.195567","118.702032,41.018482",1114413
"115.428712,33.195567","115.142766,37.074795",517342
"115.428712,33.195567","114.948638,36.48382",444786
"115.428712,33.195567","114.60018,41.853016",1178767
"115.428712,33.195567","114.885895,40.768931",1034079
"115.428712,33.195567","115.655772,39.018781",770169
"115.428712,33.195567","114.670094,36.445331",465849
"115.428712,33.195567","117.962749,40.952942",1079794
"115.428712,33.195567","119.244847,39.876253",1022588
"115.428712,33.195567","115.965877,37.347873",540386
"115.428712,33.195567","116.457628,38.873185",766961
"115.428712,33.195567","114.683745,38.343952",687545
"115.428712,33.195567","115.251005,37.520891",571408
"115.428712,33.195567","119.199846,39.699677",1010680
"115.428712,33.195567","115.497487,39.350219",829750
"115.428712,33.195567","115.044141,38.033937",653561
"115.428712,33.195567","116.270558,37.692831",590096
"115.428712,33.195567","114.957549,36.766347",479866
"115.428712,33.195567","114.740476,38.614409",748726
"115.428712,33.195567","115.15542,38.696221",743550
"115.428712,33.195567","115.724365,37.514217",567980
"115.428712,33.195567","114.693447,37.48288",593131
"115.428712,33.195567","114.57043,38.14699",668039
"115.428712,33.195567","114.203685,36.69759",521784
"115.428712,33.195567","115.982119,38.041447",631682
"115.428712,33.195567","115.887498,37.802036",599828
"115.428712,33.195567","114.536626,36.74188",508186
"115.428712,33.195567","116.50608,39.330983",801111
"115.428712,33.195567","116.838715,38.304676",689028
"115.428712,33.195567","116.099362,38.446656",711382
"115.428712,33.195567","116.578322,38.084262",659623
"115.428712,33.195567","117.497545,38.143308",705449
"115.428712,33.195567","119.564962,39.94756",1048245
"115.428712,33.195567","113.692157,36.586073",537261
"115.428712,33.195567","115.713651,39.394305",835006
"115.428712,33.195567","114.694416,39.360622",845776
"115.428712,33.195567","115.97444,39.485684",827915
"115.428712,33.195567","115.559576,38.001535",632804
"115.428712,33.195567","115.20089,38.184572",683478
"115.428712,33.195567","115.665081,37.0451",511405
"115.428712,33.195567","115.48988,38.76527",741324
"115.428712,33.195567","115.322246,38.949732",771810
"115.428712,33.195567","118.68363,39.520272",951581
"115.428712,33.195567","117.332652,40.941644",1045415
"115.428712,33.195567","114.383013,38.307908",706348
"115.428712,33.195567","116.122767,38.189924",674112
"115.428712,33.195567","117.738196,39.901827",943118
"115.428712,33.195567","117.230681,38.058074",678776
"115.428712,33.195567","114.514976,38.042007",661359
"115.428712,33.195567","114.373965,36.37507",471675
"115.428712,33.195567","115.829619,38.423044",679516
"115.428712,33.195567","114.800199,36.548545",460172
"115.428712,33.195567","114.846562,38.022177",652052
"115.428712,33.195567","115.583701,38.488064",688514
"115.428712,33.195567","115.668987,37.739367",590842
"115.428712,33.195567","115.217626,37.943239",636908
"115.428712,33.195567","118.701021,39.998861",980890
"115.428712,33.195567","118.31467,40.141486",973713
"115.428712,33.195567","114.49742,37.060227",549689
"115.428712,33.195567","114.53915,36.625849",498776
"115.428712,33.195567","115.200049,36.811783",470831
"115.428712,33.195567","116.175424,37.862984",629542
"115.428712,33.195567","114.195118,38.849221",788194
"115.428712,33.195567","114.770509,37.351232",585943
"115.428712,33.195567","116.391488,39.125238",778200
"115.428712,33.195567","116.804137,38.583657",712950
"115.428712,33.195567","118.94985,40.407473",1051489
"115.428712,33.195567","115.135133,38.837988",768349
"115.428712,33.195567","115.725898,38.235313",653381
"115.428712,33.195567","115.281818,36.548295",458968
"115.428712,33.195567","117.006072,39.763772",882080
"115.428712,33.195567","115.873612,39.327233",805665
"115.428712,33.195567","114.611659,37.615905",607691
"115.428712,33.195567","115.779149,38.700846",714698
"115.428712,33.195567","114.939217,36.35926",433982
"115.428712,33.195567","114.313559,38.086536",674081
"115.428712,33.195567","117.330043,38.372266",735556
"115.428712,33.195567","111.200482,34.773196",499700
"115.428712,33.195567","113.309185,34.803514",328130
"115.428712,33.195567","113.975798,34.720535",271050
"115.428712,33.195567","113.931121,33.828096",184982
"115.428712,33.195567","114.091058,32.148624",257742
"115.428712,33.195567","113.447862,35.22286",363431
"115.428712,33.195567","112.789375,34.72715",374564
"115.428712,33.195567","114.91934,32.010736",195881
"115.428712,33.195567","114.818228,34.856372",233118
"115.428712,33.195567","111.849354,33.044698",404896
"115.428712,33.195567","112.429277,33.489804",343104
"115.428712,33.195567","112.528549,32.990218",330440
"115.428712,33.195567","113.064701,35.170332",387593
"115.428712,33.195567","113.939829,35.066873",320996
"115.428712,33.195567","115.871671,35.970286",384719
"115.428712,33.195567","113.357476,33.627437",222980
"115.428712,33.195567","112.80829,32.682464",311136
"115.428712,33.195567","115.656358,34.415165",184781
"115.428712,33.195567","114.608135,33.562072",100571
"115.428712,33.195567","114.837946,34.064513",154667
"115.428712,33.195567","112.791372,34.907229",382635
"115.428712,33.195567","112.44525,34.825587",400083
"115.428712,33.195567","112.179187,34.51462",395096
"115.428712,33.195567","113.054538,33.869159",262605
"115.428712,33.195567","114.418907,35.041237",261874
"115.428712,33.195567","114.184391,35.897862",418091
"115.428712,33.195567","112.085432,34.134639",391805
"115.428712,33.195567","114.618537,32.96344",117000
"115.428712,33.195567","113.192595,33.766554",243847
"115.428712,33.195567","114.205624,35.165876",288192
"115.428712,33.195567","114.314278,34.798083",240072
"115.428712,33.195567","113.813884,35.170066",335022
"115.428712,33.195567","113.92679,35.303589",347737
"115.428712,33.195567","114.879309,31.643914",236676
"115.428712,33.195567","114.965519,32.74488",79386
"115.428712,33.195567","113.74024,34.396479",252422
"115.428712,33.195567","112.3601,32.521282",381478
"115.428712,33.195567","114.782629,34.549731",210380
"115.428712,33.195567","113.819275,36.084127",459722
"115.428712,33.195567","115.305182,34.092015",132427
"115.428712,33.195567","113.428702,32.379164",274271
"115.428712,33.195567","114.392774,32.605697",171038
"115.428712,33.195567","113.401848,35.099458",350936
"115.428712,33.195567","116.449864,33.929927",195759
"115.428712,33.195567","114.362477,33.006808",143599
"115.428712,33.195567","112.844696,34.16717",301743
"115.428712,33.195567","112.950873,35.087569",376411
"115.428712,33.195567","115.098541,33.409805",50131
"115.428712,33.195567","113.327144,32.723974",245377
"115.428712,33.195567","111.652958,34.389371",433685
"115.428712,33.195567","112.453895,34.619702",370601
"115.428712,33.195567","112.602347,35.069057",430022
"115.428712,33.195567","111.490902,33.137831",446218
"115.428712,33.195567","114.208851,35.622571",379410
"115.428712,33.195567","115.420101,32.474772",119367
"115.428712,33.195567","111.761753,34.767937",442985
"115.428712,33.195567","113.08067,34.93961",357714
"115.428712,33.195567","114.0166,33.58038",163386
"115.428712,33.195567","115.051683,32.131426",148822
"115.428712,33.195567","115.029165,35.713113",352121
"115.428712,33.195567","113.241902,35.215726",372356
"115.428712,33.195567","113.05056,34.454877",304334
"115.428712,33.195567","112.948183,33.056229",290703
"115.428712,33.195567","113.488715,34.142442",251998
"115.428712,33.195567","114.512838,32.20436",162616
"115.428712,33.195567","115.504081,35.85302",349712
"115.428712,33.195567","113.383385,34.7866",317166
"115.428712,33.195567","113.657551,35.260153",347740
"115.428712,33.195567","113.506904,33.851609",236171
"115.428712,33.195567","114.529709,33.768277",126101
"115.428712,33.195567","111.473644,33.307272",450111
"115.428712,33.195567","113.852004,34.03732",209431
"115.428712,33.195567","113.80572,35.462964",366359
"115.428712,33.195567","114.47315,34.502053",195940
"115.428712,33.195567","114.013323,33.146316",184995
"115.428712,33.195567","112.08745,32.687732",397704
"115.428712,33.195567","113.21261,33.971787",281300
"115.428712,33.195567","114.177329,34.102985",181249
"115.428712,33.195567","112.234571,33.033826",361419
"115.428712,33.195567","114.66885,35.201628",277799
"115.428712,33.195567","114.875128,33.465609",78388
"115.428712,33.195567","114.021988,33.014038",180314
"115.428712,33.195567","112.908052,33.738434",278172
"115.428712,33.195567","121.39561,29.104888",893156
"115.428712,33.195567","120.868571,30.033862",744208
"115.428712,33.195567","121.144625,28.859042",887059
"115.428712,33.195567","119.923249,28.467694",859021
"115.428712,33.195567","120.075679,29.306296",783742
"115.428712,33.195567","121.154572,30.037967",772759
"115.428712,33.195567","119.460404,29.209059",738008
"115.428712,33.195567","120.418244,30.850835",622049
"115.428712,33.195567","121.42079,28.655716",925531
"115.428712,33.195567","120.185608,30.857184",602762
"115.428712,33.195567","120.755623,30.746814",665533
"115.428712,33.195567","121.406151,29.655292",830085
"115.428712,33.195567","121.62454,29.860258",816531
"115.428712,33.195567","119.680261,30.638803",598067
"115.428712,33.195567","119.96022,30.048803",675166
"115.428712,33.195567","120.830505,29.561519",795362
"115.428712,33.195567","118.511224,28.902446",678574
"115.428712,33.195567","120.565161,27.662394",1008206
"115.428712,33.195567","119.281195,29.474964",705622
"115.428712,33.195567","119.9774,30.54251",628606
"115.428712,33.195567","121.266525,30.170695",759981
"115.428712,33.195567","120.141503,30.319126",655347
"115.428712,33.195567","120.210792,30.246026",667151
"115.428712,33.195567","119.481406,28.448883",807264
"115.428712,33.195567","120.565127,30.630375",649694
"115.428712,33.195567","119.691755,29.79418",667020
"115.428712,33.195567","120.69136,28.153914",941000
"115.428712,33.195567","120.047356,28.88899",799922
"115.428712,33.195567","119.89259,29.453363",722894
"115.428712,33.195567","120.680224,30.511536",670738
"115.428712,33.195567","121.385435,28.372805",954160
"115.428712,33.195567","120.086881,30.894178",591503
"115.428712,33.195567","120.211981,30.208332",671259
"115.428712,33.195567","121.231915,28.136703",1010050
"115.428712,33.195567","120.655245,27.778967",997643
"115.428712,33.195567","120.449937,29.054491",821043
"115.428712,33.195567","120.582886,30.051549",719398
"115.428712,33.195567","120.091685,28.659294",823946
"115.428712,33.195567","120.425957,27.518636",1028805
"115.428712,33.195567","120.264263,30.184119",686635
"115.428712,33.195567","118.859307,28.970229",691449
"115.428712,33.195567","120.246602,29.709398",737373
"115.428712,33.195567","120.582338,29.989092",725064
"115.428712,33.195567","121.337874,28.578244",925889
"115.428712,33.195567","119.275865,28.592388",776367
"115.428712,33.195567","119.647265,29.079195",758602
"115.428712,33.195567","119.911212,31.026962",568264
"115.428712,33.195567","119.14126,28.074916",889541
"115.428712,33.195567","119.1723,29.028214",724184
"115.428712,33.195567","120.812333,27.933261",975860
"115.428712,33.195567","110.392605,18.793697",2071635
"115.428712,33.195567","109.511709,18.252865",2208132
"115.428712,33.195567","108.651829,19.095187",2114678
"115.428712,33.195567","109.690508,19.912025",1971158
"115.428712,33.195567","109.173384,18.750063",2132218
"115.428712,33.195567","109.700279,18.640339",2151018
"115.428712,33.195567","109.580812,19.520948",2013807
"115.428712,33.195567","110.358001,19.681215",1964227
"115.428712,33.195567","110.101667,19.351662",2000863
"115.428712,33.195567","110.797473,19.544234",2012160
"115.428712,33.195567","109.055783,19.298139",2076891
"115.428712,33.195567","110.198418,20.045805",1908985
"115.428712,33.195567","110.007497,19.738885",1951204
"115.428712,33.195567","110.474524,19.259112",2017772
"115.428712,33.195567","110.366359,20.028983",1928508
"115.428712,33.195567","110.037553,18.506045",2129416
"115.428712,33.195567","114.136295,30.620079",398965
"115.428712,33.195567","111.513318,32.540287",462829
"115.428712,33.195567","113.752958,31.021736",412720
"115.428712,33.195567","108.936456,30.290974",907932
"115.428712,33.195567","110.798921,32.629057",554814
"115.428712,33.195567","114.322601,29.84135",489078
"115.428712,33.195567","114.299002,29.852726",496224
"115.428712,33.195567","113.939249,29.970575",497021
"115.428712,33.195567","113.166545,30.663706",475408
"115.428712,33.195567","113.688955,31.25565",402315
"115.428712,33.195567","112.256486,31.720278",466030
"115.428712,33.195567","111.286962,30.69217",645294
"115.428712,33.195567","113.571864,30.928592",423739
"115.428712,33.195567","111.78836,30.820893",582754
"115.428712,33.195567","109.479572,30.295148",847021
"115.428712,33.195567","110.726754,32.04017",577431
"115.428712,33.195567","114.801284,30.841304",335876
"115.428712,33.195567","111.760616,30.425758",623928
"115.428712,33.195567","114.304569,30.593354",386079
"115.428712,33.195567","115.595451,29.869602",481795
"115.428712,33.195567","113.838068,30.673219",427126
"115.428712,33.195567","114.320884,30.37558",434505
"115.428712,33.195567","114.309317,30.600008",385328
"115.428712,33.195567","112.251975,30.326693",603141
"115.428712,33.195567","115.265155,30.452212",398881
"115.428712,33.195567","112.900279,30.401954",535894
"115.428712,33.195567","112.904634,29.840229",583005
"115.428712,33.195567","110.229696,32.225039",632562
"115.428712,33.195567","109.715322,32.318257",680274
"115.428712,33.195567","114.618134,31.288167",293372
"115.428712,33.195567","112.199009,31.035445",537626
"115.428712,33.195567","114.087279,30.536395",420671
"115.428712,33.195567","115.436423,30.226146",445651
"115.428712,33.195567","111.653077,32.26339",482581
"115.428712,33.195567","113.900385,29.725122",519827
"115.428712,33.195567","112.588032,31.167933",480443
"115.428712,33.195567","115.215211,29.830236",479072
"115.428712,33.195567","113.382324,31.690275",356922
"115.428712,33.195567","115.008011,31.172917",301960
"115.428712,33.195567","114.872425,30.453722",381544
"115.428712,33.195567","115.944219,30.070453",482848
"115.428712,33.195567","114.375698,30.882305",357363
"115.428712,33.195567","111.315893,26.392173",1048982
"115.428712,33.195567","112.540448,29.530775",674952
"115.428712,33.195567","109.698348,28.261948",1020337
"115.428712,33.195567","111.994468,27.699838",846495
"115.428712,33.195567","112.551887,28.277709",760769
"115.428712,33.195567","111.945925,25.570817",1120964
"115.428712,33.195567","113.128922,29.35648",619799
"115.428712,33.195567","111.69905,29.031446",769199
"115.428712,33.195567","113.581296,28.702018",659504
"115.428712,33.195567","110.478887,29.117343",867351
"115.428712,33.195567","110.001598,27.569813",1053956
"115.428712,33.195567","113.397152,27.01516",857173
"115.428712,33.195567","110.857294,26.432913",1049136
"115.428712,33.195567","113.132783,27.828862",782446
"115.428712,33.195567","111.488985,28.90232",802801
"115.428712,33.195567","110.632286,26.727414",1054353
"115.428712,33.195567","111.613482,26.419861",1034979
"115.428712,33.195567","111.57951,25.185257",1186191
"115.428712,33.195567","113.067097,28.806937",664415
"115.428712,33.195567","110.575962,27.060274",1026093
"115.428712,33.195567","113.64328,28.163866",741480
"115.428712,33.195567","112.550268,27.718655",819125
"115.428712,33.195567","112.945439,27.83136",774809
"115.428712,33.195567","111.758806,29.633138",702991
"115.428712,33.195567","112.355994,28.554853",746608
"115.428712,33.195567","111.840253,26.580292",987959
"115.428712,33.195567","112.982951,28.116007",742939
"115.428712,33.195567","112.572016,26.894216",903535
"115.428712,33.195567","111.600866,25.526282",1158291
"115.428712,33.195567","111.744268,27.259812",912799
"115.428712,33.195567","113.015517,25.770117",1034078
"115.428712,33.195567","112.938882,28.228304",734870
"115.428712,33.195567","111.032437,27.113978",975521
"115.428712,33.195567","103.210386,35.601792",1415677
"115.428712,33.195567","103.859446,35.394993",1320086
"115.428712,33.195567","103.834228,36.060798",1343945
"115.428712,33.195567","105.724828,34.581514",1073228
"115.428712,33.195567","104.592342,35.607947",1250406
"115.428712,33.195567","104.036731,34.43833",1334337
"115.428712,33.195567","106.664913,35.542417",1042809
"115.428712,33.195567","107.643433,35.709459",975476
"115.428712,33.195567","100.449858,38.924766",1840193
"115.428712,33.195567","94.66201,40.142141",2428737
"115.428712,33.195567","104.063125,37.18351",1448191
"115.428712,33.195567","108.359964,35.492158",903433
"115.428712,33.195567","102.637821,37.92898",1607483
"115.428712,33.195567","104.921861,33.400685",1214323
"115.428712,33.195567","103.093671,38.624293",1704345
"115.428712,33.195567","107.308788,36.568566",1059637
"115.428712,33.195567","95.782255,40.520457",2316078
"115.428712,33.195567","105.340789,34.745447",1129985
"115.428712,33.195567","104.138872,36.545123",1410795
"115.428712,33.195567","98.49432,39.733416",2044906
"115.428712,33.195567","102.187972,38.521468",1700476
"115.428712,33.195567","104.634928,35.003899",1217256
"115.428712,33.195567","104.676202,36.571736",1316631
"115.428712,33.195567","117.638919,26.263455",1016323
"115.428712,33.195567","116.419447,25.049867",1135190
"115.428712,33.195567","117.4295,23.702034",1389112
"115.428712,33.195567","117.334351,23.935433",1343813
"115.428712,33.195567","119.27322,26.047027",1137236
"115.428712,33.195567","118.689745,25.373373",1181924
"115.428712,33.195567","118.385929,24.960056",1199867
"115.428712,33.195567","118.081325,27.382829",882115
"115.428712,33.195567","118.08891,24.479627",1255061
"115.428712,33.195567","118.74603,26.578134",1048282
"115.428712,33.195567","118.150823,24.723299",1228332
"115.428712,33.195567","119.547729,26.666222",1068097
"115.428712,33.195567","118.190515,26.169942",1042566
"115.428712,33.195567","117.314798,24.363831",1290305
"115.428712,33.195567","118.304712,27.023233",939938
"115.428712,33.195567","118.120392,27.331996",896719
"115.428712,33.195567","118.781037,25.012449",1236503
"115.428712,33.195567","118.857703,27.366122",897956
"115.428712,33.195567","118.551659,24.781635",1226982
"115.428712,33.195567","118.785429,27.526028",877977
"115.428712,33.195567","117.365046,25.941671",1068297
"115.428712,33.195567","118.29416,25.321849",1161260
"115.428712,33.195567","118.675724,24.874452",1232105
"115.428712,33.195567","118.541079,27.917804",811069
"115.428712,33.195567","119.116173,25.459057",1191689
"115.428712,33.195567","117.647298,24.515297",1257738
"115.428712,33.195567","117.613783,24.11741",1318793
"115.428712,33.195567","119.647871,27.088274",1014293
"115.428712,33.195567","119.296411,26.074286",1138414
"115.428712,33.195567","119.384388,25.720081",1187508
"115.428712,33.195567","120.216559,27.324796",1008035
"115.428712,33.195567","119.549129,26.490215",1085377
"115.428712,33.195567","117.175314,23.711674",1374810
"115.428712,33.195567","119.539542,26.197737",1124324
"115.428712,33.195567","117.492778,27.340672",850627
"115.428712,33.195567","119.522952,25.962925",1168901
"115.428712,33.195567","116.357581,25.833531",1033617
"115.428712,33.195567","120.005267,26.885971",1086935
"115.428712,33.195567","119.439259,25.998657",1154724
"115.428712,33.195567","117.017362,25.075884",1151909
"115.428712,33.195567","117.818485,24.446839",1278886
"115.428712,33.195567","91.171924,29.653491",3482195
"115.428712,33.195567","92.05151,31.477905",3139869
"115.428712,33.195567","104.895503,25.09196",1768644
"115.428712,33.195567","107.981409,26.5662",1318419
"115.428712,33.195567","105.9476,26.253103",1511481
"115.428712,33.195567","108.120773,28.264028",1170408
"115.428712,33.195567","105.291544,27.283615",1521654
"115.428712,33.195567","107.465492,27.748942",1275738
"115.428712,33.195567","106.628201,26.646694",1424535
"115.428712,33.195567","107.031922,27.721931",1324072
"115.428712,33.195567","107.518628,26.259456",1390971
"115.428712,33.195567","124.354419,40.000646",1375037
"115.428712,33.195567","121.239558,41.533553",1299469
"115.428712,33.195567","120.756661,40.60999",1177455
"115.428712,33.195567","121.35499,41.160636",1256892
"115.428712,33.195567","119.401574,41.245445",1249719
"115.428712,33.195567","124.066873,40.45218",1590973
"115.428712,33.195567","120.771389,41.801117",1355606
"115.428712,33.195567","121.777503,41.588657",1350399
"115.428712,33.195567","122.07597,41.212401",1317125
"115.428712,33.195567","122.436037,41.412866",1349454
"115.428712,33.195567","122.082227,41.002679",1329904
"115.428712,33.195567","122.509006,40.644482",1394641
"115.428712,33.195567","121.614786,38.913962",1087516
"115.428712,33.195567","122.965881,39.680825",1240453
"115.428712,33.195567","123.343701,42.727249",1541114
"115.428712,33.195567","123.957053,41.881311",1504737
"115.428712,33.195567","125.039994,41.734031",1608744
"115.428712,33.195567","120.488801,41.601855",1326043
"115.428712,33.195567","123.45884,41.795688",1454353
"115.428712,33.195567","123.339398,41.426537",1442903
"115.428712,33.195567","121.979463,39.62701",1176000
"115.428712,33.195567","120.34432,40.325576",1126512
"115.428712,33.195567","122.219148,40.625027",1378515
"115.428712,33.195567","120.836783,40.710974",1188845
"115.428712,33.195567","122.766159,41.517449",1380083
"115.428712,33.195567","123.239669,41.267396",1432836
"115.428712,33.195567","123.726008,42.223709",1504977
"115.428712,33.195567","121.126859,41.096114",1236493
"115.428712,33.195567","121.670052,42.022028",1363552
"115.428712,33.195567","122.994183,41.108239",1439355
"115.428712,33.195567","122.121764,40.226708",1436831
"115.428712,33.195567","122.126645,41.653552",1368693
"115.428712,33.195567","108.408591,30.807621",978863
"115.428712,33.195567","107.731056,29.863785",1057086
"115.428712,33.195567","106.510515,29.502325",1202039
"115.428712,33.195567","108.6975,30.930628",937470
"115.428712,33.195567","107.099147,29.157879",1163486
"115.428712,33.195567","106.27617,29.971968",1245873
"115.428712,33.195567","107.332511,30.327548",1098808
"115.428712,33.195567","109.401056,31.018505",866687
"115.428712,33.195567","109.570038,31.398619",843158
"115.428712,33.195567","108.39336,31.160416",986449
"115.428712,33.195567","107.769568,30.654233",1051407
"115.428712,33.195567","105.926951,29.356384",1269138
"115.428712,33.195567","106.264435,29.319984",1244136
"115.428712,33.195567","107.246521,29.752475",1117629
"115.428712,33.195567","105.840487,30.191077",1285245
"115.428712,33.195567","106.204885,29.577455",1250849
"115.428712,33.195567","108.114251,29.999066",1003288
"115.428712,33.195567","109.007096,28.448248",1057388
"115.428712,33.195567","106.651213,29.028117",1226665
"115.428712,33.195567","105.6118,29.416892",1303071
"115.428712,33.195567","108.76726,28.841409",1057395
"115.428712,33.195567","106.550483,29.563707",1193603
"115.428712,33.195567","106.056265,29.845248",1260781
"115.428712,33.195567","108.770677,29.533609",971255
"115.428712,33.195567","108.940754,34.617282",735353
"115.428712,33.195567","109.214249,34.367181",702609
"115.428712,33.195567","108.239316,34.528262",795068
"115.428712,33.195567","108.490497,34.299199",782712
"115.428712,33.195567","107.401029,34.522167",921110
"115.428712,33.195567","106.673217,33.153636",993259
"115.428712,33.195567","109.775765,34.497019",646286
"115.428712,33.195567","110.149412,35.237881",677962
"115.428712,33.195567","108.222219,34.163592",818306
"115.428712,33.195567","108.708837,34.329896",755173
"115.428712,33.195567","109.918646,33.873358",621566
"115.428712,33.195567","107.333787,33.156937",938112
"115.428712,33.195567","109.941784,34.797073",663526
"115.428712,33.195567","107.601048,37.594976",1080516
"115.428712,33.195567","107.237682,34.362862",900527
"115.428712,33.195567","109.179903,34.751599",737200
"115.428712,33.195567","111.016431,39.015658",988766
"115.428712,33.195567","108.081892,35.035702",860969
"115.428712,33.195567","108.604772,34.108707",773016
"115.428712,33.195567","108.089879,34.272038",821088
"115.428712,33.195567","108.953939,34.266611",729976
"115.428712,33.195567","108.200275,34.261026",810359
"115.428712,33.195567","108.843029,34.526557",736883
"115.428712,33.195567","107.545678,33.222808",947739
"115.428712,33.195567","109.470962,34.520632",676597
"115.428712,33.195567","109.932439,35.190256",701896
"115.428712,33.195567","109.590501,35.177497",736121
"115.428712,33.195567","107.750039,34.274774",859675
"115.428712,33.195567","108.424682,34.481875",779154
"115.428712,33.195567","110.466867,38.899742",1009178
"115.428712,33.195567","110.263226,37.502984",936961
"115.428712,33.195567","109.586263,34.955755",712264
"115.428712,33.195567","107.766477,32.983282",883700
"115.428712,33.195567","108.939645,34.343207",732239
"115.428712,33.195567","108.906944,34.158668",743839
"115.428712,33.195567","109.226124,34.662232",725699
"115.428712,33.195567","110.44295,35.477145",664130
"115.428712,33.195567","94.928293,36.407272",2318171
"115.428712,33.195567","131.003015,45.771178",2396176
"115.428712,33.195567","127.167501,44.932164",1992750
"115.428712,33.195567","128.840863,47.728332",2323504
"115.428712,33.195567","130.318916,46.800002",2350447
"115.428712,33.195567","130.375254,46.81405",2356200
"115.428712,33.195567","126.53505,45.802981",2005786
"115.428712,33.195567","125.104078,46.589498",2020547
"115.428712,33.195567","128.009218,45.209199",2079973
"115.428712,33.195567","129.632928,44.551486",2191435
"115.428712,33.195567","126.968714,46.654147",2114760
"115.428712,33.195567","124.88293,48.466829",2254441
"115.428712,33.195567","130.969385,45.295087",2359152
"115.428712,33.195567","130.297687,47.350659",2409244
"115.428712,33.195567","123.918193,47.354892",2125136
"115.428712,33.195567","121.489431,31.405242",680803
"115.428712,33.195567","121.424751,31.220537",669866
"115.428712,33.195567","121.380857,31.112834",676024
"115.428712,33.195567","117.309748,39.717054",876677
"115.428712,33.195567","115.778588,33.846285",103027
"115.428712,33.195567","118.193533,29.784532",560239
"115.428712,33.195567","117.531791,32.875714",236287
"115.428712,33.195567","116.977039,33.640205",188732
"115.428712,33.195567","118.983085,30.634032",535636
"115.428712,33.195567","117.115349,30.531828",430113
"115.428712,33.195567","119.420799,30.877608",552115
"115.428712,33.195567","117.288165,31.256978",362431
"115.428712,33.195567","117.205083,32.971543",198890
"115.428712,33.195567","118.432581,32.423072",333016
"115.428712,33.195567","117.495663,30.674264",426033
"115.428712,33.195567","117.018603,32.585384",215298
"115.428712,33.195567","116.56434,33.265671",131794
"115.428712,33.195567","117.388566,32.91682",212653
"115.428712,33.195567","117.167632,32.478347",230353
"115.428712,33.195567","116.277966,32.353362",180320
"115.428712,33.195567","117.847366,30.639006",463143
"115.428712,33.195567","116.470211,35.937049",398410
"115.428712,33.195567","117.232085,37.729769",646492
"115.428712,33.195567","119.213673,35.760154",631864
"115.428712,33.195567","117.734287,34.563103",383450
"115.428712,33.195567","118.575234,37.573412",719531
"115.428712,33.195567","116.800279,37.652456",631753
"115.428712,33.195567","118.791062,36.857133",688479
"115.428712,33.195567","117.384163,37.774376",666496
"115.428712,33.195567","118.097923,36.959794",626126
"115.428712,33.195567","118.170856,36.185402",587709
"115.428712,33.195567","117.250824,35.664719",453579
"115.428712,33.195567","115.985238,36.455857",439572
"115.428712,33.195567","120.711555,36.979757",814413
"115.428712,33.195567","117.007406,35.402536",411693
"115.428712,33.195567","115.544507,35.534088",317425
"115.428712,33.195567","112.699176,36.756152",588905
"115.428712,33.195567","110.712032,35.596357",633255
"115.428712,33.195567","113.051416,36.053104",492406
"115.428712,33.195567","113.580426,37.857094",734069
"115.428712,33.195567","113.264499,23.130061",1373731
"115.428712,33.195567","116.36714,23.525918",1371348
"115.428712,33.195567","119.606071,32.010035",462911
"115.428712,33.195567","118.796624,32.059344",392956
"115.428712,33.195567","119.821873,31.338429",531754
"115.428712,33.195567","118.275228,33.963186",396061
"115.428712,33.195567","119.788743,33.438931",520532
"115.428712,33.195567","116.936353,34.760761",365317
"115.428712,33.195567","120.051475,32.173072",507681
"115.428712,33.195567","119.028414,31.651108",448942
"115.428712,33.195567","120.16263,33.348176",561666
"115.428712,33.195567","118.544545,33.011905",334866
"115.428712,33.195567","120.277124,31.98325",547952
"115.428712,33.195567","118.892074,31.328678",476031
"115.428712,33.195567","115.83099,27.428682",811009
"115.428712,33.195567","117.449346,28.378039",714967
"115.428712,33.195567","115.767114,29.298599",575558
"115.428712,33.195567","116.358054,27.948979",752071
"115.428712,33.195567","115.83207,29.011392",609272
"115.428712,33.195567","116.347611,26.31491",936005
"115.428712,33.195567","114.520825,26.313413",912825
"115.428712,33.195567","115.464523,38.874476",745936
"115.428712,33.195567","114.683683,37.005626",549936
"115.428712,33.195567","114.982968,38.748477",747331
"115.428712,33.195567","118.180149,39.63068",907439
"115.428712,33.195567","116.653917,38.705232",734906
"115.428712,33.195567","115.266829,36.975164",503222
"115.428712,33.195567","114.976256,38.178852",684218
"115.428712,33.195567","114.647922,37.900915",635453
"115.428712,33.195567","114.503023,36.855548",521773
"115.428712,33.195567","114.553044,38.437535",720076
"115.428712,33.195567","117.739026,41.314402",1123922
"115.428712,33.195567","114.889951,36.911525",503168
"115.428712,33.195567","114.264381,33.262439",156184
"115.428712,33.195567","112.425751,34.421741",361584
"115.428712,33.195567","114.90146,35.972016",379045
"115.428712,33.195567","114.701222,33.634652",97612
"115.428712,33.195567","115.654066,32.169239",169900
"115.428712,33.195567","116.131422,34.237801",199517
"115.428712,33.195567","114.39248,36.098779",439893
"115.428712,33.195567","114.19305,34.411437",212867
"115.428712,33.195567","114.740392,32.34312",134846
"115.428712,33.195567","112.13246,34.728909",401436
"115.428712,33.195567","113.012849,33.255387",274444
"115.428712,33.195567","111.615729,33.7857",407365
"115.428712,33.195567","112.473013,34.154283",332231
"115.428712,33.195567","114.357686,35.925155",418000
"115.428712,33.195567","114.517977,35.576128",341384
"115.428712,33.195567","115.029246,35.762731",357382
"115.428712,33.195567","110.894225,34.517734",531656
"115.428712,33.195567","114.016818,32.82134",176669
"115.428712,33.195567","113.516427,33.314147",226749
"115.428712,33.195567","113.609327,33.438259",203869
"115.428712,33.195567","114.021492,33.387658",176068
"115.428712,33.195567","113.822869,34.124729",219476
"115.428712,33.195567","113.625351,34.746303",292187
"115.428712,33.195567","113.813972,34.195458",226020
"115.428712,33.195567","114.297305,35.748329",397052
"115.428712,33.195567","115.484525,33.860698",92469
"115.428712,33.195567","121.869251,29.476826",873570
"115.428712,33.195567","113.442973,30.328407",485394
"115.428712,33.195567","113.956962,30.918311",415829
"115.428712,33.195567","113.825977,31.617015",336627
"115.428712,33.195567","112.772723,32.128968",364099
"115.428712,33.195567","115.399149,30.783047",396956
"115.428712,33.195567","112.211365,32.088651",447318
"115.428712,33.195567","112.121743,32.010161",454770
"115.428712,33.195567","114.894909,30.391461",387446
"115.428712,33.195567","114.385424,30.639842",383549
"115.428712,33.195567","115.038999,30.201082",424802
"115.428712,33.195567","111.970725,28.906063",780327
"115.428712,33.195567","112.354657,28.845755",767218
"115.428712,33.195567","113.537907,26.777957",896557
"115.428712,33.195567","111.467855,27.239528",946560
"115.428712,33.195567","124.051886,42.577645",1555895
"115.428712,33.195567","122.835964,41.985757",1430624
"115.428712,33.195567","123.464675,41.677576",1456088
"115.428712,33.195567","122.685176,40.882548",1393310
"115.428712,33.195567","105.721825,29.707555",1295507
"115.428712,33.195567","108.038073,30.299817",1032286
"115.428712,33.195567","106.936235,33.000034",962326
"115.428712,33.195567","109.029017,32.685435",740263
"115.428712,33.195567","109.734104,38.28576",1040748
"115.428712,33.195567","109.43249,35.762626",831638
"115.428712,33.195567","108.794153,37.600351",988214
"115.428712,33.195567","101.777795,36.616621",1561064
"115.428712,33.195567","117.04456,39.384108",815808
"115.428712,33.195567","115.925271,31.863693",223702
"115.428712,33.195567","117.227267,31.820567",291167
"115.428712,33.195567","116.134485,30.171663",451613
"115.428712,33.195567","118.198536,31.101766",438946
"115.428712,33.195567","116.94863,31.462036",314537
"115.428712,33.195567","116.348274,31.409668",276807
"115.428712,33.195567","115.583172,35.105742",272448
"115.428712,33.195567","117.593744,37.47528",631943
"115.428712,33.195567","118.835166,35.206252",536879
"115.428712,33.195567","118.869059,35.59125",579009
"115.428712,33.195567","120.517581,36.889167",797802
"115.428712,33.195567","120.382665,36.066938",732900
"115.428712,33.195567","120.500761,33.200047",599167
"115.428712,33.195567","120.980795,31.385476",626454
"115.428712,33.195567","120.284794,31.921642",540909
"115.428712,33.195567","119.484164,31.416967",494887
"115.428712,33.195567","119.173173,34.841336",528910
"115.428712,33.195567","119.558081,31.752989",494325
"115.428712,33.195567","116.637228,27.570031",801744
"115.428712,33.195567","117.039532,28.272092",701846
"115.428712,33.195567","115.205876,36.070219",375529
"115.428712,33.195567","114.064584,35.398357",341881
"115.428712,33.195567","114.550611,35.677249",332719
"115.428712,33.195567","114.852604,33.731543",116346
"115.428712,33.195567","115.104602,35.886694",355225
"115.428712,33.195567","115.828519,34.400868",207608
"115.428712,33.195567","115.177141,33.64601",77960
"115.428712,33.195567","120.24179,29.290158",800789
"115.428712,33.195567","112.229742,30.058519",639439
"115.428712,33.195567","113.475984,29.827256",529414
"115.428712,33.195567","112.396323,29.362396",699747
"115.428712,33.195567","112.597937,26.944257",897352
"115.428712,33.195567","119.836669,40.824484",1181497
"115.428712,33.195567","118.550043,30.298287",546390
"115.428712,33.195567","118.356464,35.103771",494722
"115.428712,33.195567","118.650828,34.920171",504354
"115.428712,33.195567","117.768069,35.90953",521936
"115.428712,33.195567","117.173722,36.978299",560957
"115.428712,33.195567","116.683546,39.538304",840375
"115.428712,33.195567","115.314221,34.461226",181960
"115.428712,33.195567","114.394666,34.060062",161113
"115.428712,33.195567","115.071957,34.446572",175977
"115.428712,33.195567","120.903918,29.500525",801921
"115.428712,33.195567","112.42538,29.720944",649673
"115.428712,33.195567","115.175019,34.648384",193463
"115.428712,33.195567","110.426005,32.993095",617830
